captured_at,from,to,value
"2026-07-17T19:01:04Z","2026-07-18T22:00:00Z","2026-07-18T23:00:00Z","38.62502"
"2026-07-17T19:01:04Z","2026-07-18T23:00:00Z","2026-07-19T00:00:00Z","38.15259"
"2026-07-17T19:01:04Z","2026-07-19T00:00:00Z","2026-07-19T01:00:00Z","36.89357"
"2026-07-17T19:01:04Z","2026-07-19T01:00:00Z","2026-07-19T02:00:00Z","35.43225"
"2026-07-17T19:01:04Z","2026-07-19T02:00:00Z","2026-07-19T03:00:00Z","34.93007"
"2026-07-17T19:01:04Z","2026-07-19T03:00:00Z","2026-07-19T04:00:00Z","34.275332"
"2026-07-17T19:01:04Z","2026-07-19T04:00:00Z","2026-07-19T05:00:00Z","33.890605"
"2026-07-17T19:01:04Z","2026-07-19T05:00:00Z","2026-07-19T06:00:00Z","33.464942"
"2026-07-17T19:01:04Z","2026-07-19T06:00:00Z","2026-07-19T07:00:00Z","32.880057"
"2026-07-17T19:01:04Z","2026-07-19T07:00:00Z","2026-07-19T08:00:00Z","32.26566"
"2026-07-17T19:01:04Z","2026-07-19T08:00:00Z","2026-07-19T09:00:00Z","29.853292"
"2026-07-17T19:01:04Z","2026-07-19T09:00:00Z","2026-07-19T10:00:00Z","24.055017"
"2026-07-17T19:01:04Z","2026-07-19T10:00:00Z","2026-07-19T11:00:00Z","20.905087"
"2026-07-17T19:01:04Z","2026-07-19T11:00:00Z","2026-07-19T12:00:00Z","20.41564"
"2026-07-17T19:01:04Z","2026-07-19T12:00:00Z","2026-07-19T13:00:00Z","20.41564"
"2026-07-17T19:01:04Z","2026-07-19T13:00:00Z","2026-07-19T14:00:00Z","20.41564"
"2026-07-17T19:01:04Z","2026-07-19T14:00:00Z","2026-07-19T15:00:00Z","20.41564"
"2026-07-17T19:01:04Z","2026-07-19T15:00:00Z","2026-07-19T16:00:00Z","20.41564"
"2026-07-17T19:01:04Z","2026-07-19T16:00:00Z","2026-07-19T17:00:00Z","20.41564"
"2026-07-17T19:01:04Z","2026-07-19T17:00:00Z","2026-07-19T18:00:00Z","21.230552"
"2026-07-17T19:01:04Z","2026-07-19T18:00:00Z","2026-07-19T19:00:00Z","24.127845"
"2026-07-17T19:01:04Z","2026-07-19T19:00:00Z","2026-07-19T20:00:00Z","31.623655"
"2026-07-17T19:01:04Z","2026-07-19T20:00:00Z","2026-07-19T21:00:00Z","36.109122"
"2026-07-17T19:01:04Z","2026-07-19T21:00:00Z","2026-07-19T22:00:00Z","37.641485"
"2026-07-17T19:01:04Z","2026-07-19T22:00:00Z","2026-07-19T23:00:00Z","38.093685"
"2026-07-17T19:01:04Z","2026-07-19T23:00:00Z","2026-07-20T00:00:00Z","37.60876"
"2026-07-17T19:01:04Z","2026-07-20T00:00:00Z","2026-07-20T01:00:00Z","36.888215"
"2026-07-17T19:01:04Z","2026-07-20T01:00:00Z","2026-07-20T02:00:00Z","36.283457"
"2026-07-17T19:01:04Z","2026-07-20T02:00:00Z","2026-07-20T03:00:00Z","35.55958"
"2026-07-17T19:01:04Z","2026-07-20T03:00:00Z","2026-07-20T04:00:00Z","35.35847"
"2026-07-17T19:01:04Z","2026-07-20T04:00:00Z","2026-07-20T05:00:00Z","36.101387"
"2026-07-17T19:01:04Z","2026-07-20T05:00:00Z","2026-07-20T06:00:00Z","36.444345"
"2026-07-17T19:01:04Z","2026-07-20T06:00:00Z","2026-07-20T07:00:00Z","37.253307"
"2026-07-17T19:01:04Z","2026-07-20T07:00:00Z","2026-07-20T08:00:00Z","37.65517"
"2026-07-17T19:01:04Z","2026-07-20T08:00:00Z","2026-07-20T09:00:00Z","36.915585"
"2026-07-17T19:01:04Z","2026-07-20T09:00:00Z","2026-07-20T10:00:00Z","34.695045"
"2026-07-17T19:01:04Z","2026-07-20T10:00:00Z","2026-07-20T11:00:00Z","31.667447"
"2026-07-17T19:01:04Z","2026-07-20T11:00:00Z","2026-07-20T12:00:00Z","28.603435"
"2026-07-17T19:01:04Z","2026-07-20T12:00:00Z","2026-07-20T13:00:00Z","25.098052"
"2026-07-17T19:01:04Z","2026-07-20T13:00:00Z","2026-07-20T14:00:00Z","22.196237"
"2026-07-17T19:01:04Z","2026-07-20T14:00:00Z","2026-07-20T15:00:00Z","21.503062"
"2026-07-17T19:01:04Z","2026-07-20T15:00:00Z","2026-07-20T16:00:00Z","22.377117"
"2026-07-17T19:01:04Z","2026-07-20T16:00:00Z","2026-07-20T17:00:00Z","26.804155"
"2026-07-17T19:01:04Z","2026-07-20T17:00:00Z","2026-07-20T18:00:00Z","32.211277"
"2026-07-17T19:01:04Z","2026-07-20T18:00:00Z","2026-07-20T19:00:00Z","35.35014"
"2026-07-17T19:01:04Z","2026-07-20T19:00:00Z","2026-07-20T20:00:00Z","38.2942"
"2026-07-17T19:01:04Z","2026-07-20T20:00:00Z","2026-07-20T21:00:00Z","40.619222"
"2026-07-17T19:01:04Z","2026-07-20T21:00:00Z","2026-07-20T22:00:00Z","41.589667"
"2026-07-17T19:01:04Z","2026-07-20T22:00:00Z","2026-07-20T23:00:00Z","40.842942"
"2026-07-17T19:01:04Z","2026-07-20T23:00:00Z","2026-07-21T00:00:00Z","39.723152"
"2026-07-17T19:01:04Z","2026-07-21T00:00:00Z","2026-07-21T01:00:00Z","38.533985"
"2026-07-17T19:01:04Z","2026-07-21T01:00:00Z","2026-07-21T02:00:00Z","37.434425"
"2026-07-17T19:01:04Z","2026-07-21T02:00:00Z","2026-07-21T03:00:00Z","36.843947"
"2026-07-17T19:01:04Z","2026-07-21T03:00:00Z","2026-07-21T04:00:00Z","36.725542"
"2026-07-17T19:01:04Z","2026-07-21T04:00:00Z","2026-07-21T05:00:00Z","36.970325"
"2026-07-17T19:01:04Z","2026-07-21T05:00:00Z","2026-07-21T06:00:00Z","37.74561"
"2026-07-17T19:01:04Z","2026-07-21T06:00:00Z","2026-07-21T07:00:00Z","38.70118"
"2026-07-17T19:01:04Z","2026-07-21T07:00:00Z","2026-07-21T08:00:00Z","39.219425"
"2026-07-17T19:01:04Z","2026-07-21T08:00:00Z","2026-07-21T09:00:00Z","38.096065"
"2026-07-17T19:01:04Z","2026-07-21T09:00:00Z","2026-07-21T10:00:00Z","35.814835"
"2026-07-17T19:01:04Z","2026-07-21T10:00:00Z","2026-07-21T11:00:00Z","33.007387"
"2026-07-17T19:01:04Z","2026-07-21T11:00:00Z","2026-07-21T12:00:00Z","28.651987"
"2026-07-17T19:01:04Z","2026-07-21T12:00:00Z","2026-07-21T13:00:00Z","24.243037"
"2026-07-17T19:01:04Z","2026-07-21T13:00:00Z","2026-07-21T14:00:00Z","22.874775"
"2026-07-17T19:01:04Z","2026-07-21T14:00:00Z","2026-07-21T15:00:00Z","22.758155"
"2026-07-17T19:01:04Z","2026-07-21T15:00:00Z","2026-07-21T16:00:00Z","25.94795"
"2026-07-17T19:01:04Z","2026-07-21T16:00:00Z","2026-07-21T17:00:00Z","29.54056"
"2026-07-17T19:01:04Z","2026-07-21T17:00:00Z","2026-07-21T18:00:00Z","32.31088"
"2026-07-17T19:01:04Z","2026-07-21T18:00:00Z","2026-07-21T19:00:00Z","34.660892"
"2026-07-17T19:01:04Z","2026-07-21T19:00:00Z","2026-07-21T20:00:00Z","37.455012"
"2026-07-17T19:01:04Z","2026-07-21T20:00:00Z","2026-07-21T21:00:00Z","39.25334"
"2026-07-17T19:01:04Z","2026-07-21T21:00:00Z","2026-07-21T22:00:00Z","39.763612"
"2026-07-18T07:42:29Z","2026-07-18T22:00:00Z","2026-07-18T23:00:00Z","38.62502"
"2026-07-18T07:42:29Z","2026-07-18T23:00:00Z","2026-07-19T00:00:00Z","38.15259"
"2026-07-18T07:42:29Z","2026-07-19T00:00:00Z","2026-07-19T01:00:00Z","36.89357"
"2026-07-18T07:42:29Z","2026-07-19T01:00:00Z","2026-07-19T02:00:00Z","35.43225"
"2026-07-18T07:42:29Z","2026-07-19T02:00:00Z","2026-07-19T03:00:00Z","34.93007"
"2026-07-18T07:42:29Z","2026-07-19T03:00:00Z","2026-07-19T04:00:00Z","34.275332"
"2026-07-18T07:42:29Z","2026-07-19T04:00:00Z","2026-07-19T05:00:00Z","33.890605"
"2026-07-18T07:42:29Z","2026-07-19T05:00:00Z","2026-07-19T06:00:00Z","33.464942"
"2026-07-18T07:42:29Z","2026-07-19T06:00:00Z","2026-07-19T07:00:00Z","32.880057"
"2026-07-18T07:42:29Z","2026-07-19T07:00:00Z","2026-07-19T08:00:00Z","32.26566"
"2026-07-18T07:42:29Z","2026-07-19T08:00:00Z","2026-07-19T09:00:00Z","29.853292"
"2026-07-18T07:42:29Z","2026-07-19T09:00:00Z","2026-07-19T10:00:00Z","24.055017"
"2026-07-18T07:42:29Z","2026-07-19T10:00:00Z","2026-07-19T11:00:00Z","20.905087"
"2026-07-18T07:42:29Z","2026-07-19T11:00:00Z","2026-07-19T12:00:00Z","20.41564"
"2026-07-18T07:42:29Z","2026-07-19T12:00:00Z","2026-07-19T13:00:00Z","20.41564"
"2026-07-18T07:42:29Z","2026-07-19T13:00:00Z","2026-07-19T14:00:00Z","20.41564"
"2026-07-18T07:42:29Z","2026-07-19T14:00:00Z","2026-07-19T15:00:00Z","20.41564"
"2026-07-18T07:42:29Z","2026-07-19T15:00:00Z","2026-07-19T16:00:00Z","20.41564"
"2026-07-18T07:42:29Z","2026-07-19T16:00:00Z","2026-07-19T17:00:00Z","20.41564"
"2026-07-18T07:42:29Z","2026-07-19T17:00:00Z","2026-07-19T18:00:00Z","21.230552"
"2026-07-18T07:42:29Z","2026-07-19T18:00:00Z","2026-07-19T19:00:00Z","24.127845"
"2026-07-18T07:42:29Z","2026-07-19T19:00:00Z","2026-07-19T20:00:00Z","31.623655"
"2026-07-18T07:42:29Z","2026-07-19T20:00:00Z","2026-07-19T21:00:00Z","36.109122"
"2026-07-18T07:42:29Z","2026-07-19T21:00:00Z","2026-07-19T22:00:00Z","37.641485"
"2026-07-18T07:42:29Z","2026-07-19T22:00:00Z","2026-07-19T23:00:00Z","38.093685"
"2026-07-18T07:42:29Z","2026-07-19T23:00:00Z","2026-07-20T00:00:00Z","37.60876"
"2026-07-18T07:42:29Z","2026-07-20T00:00:00Z","2026-07-20T01:00:00Z","36.888215"
"2026-07-18T07:42:29Z","2026-07-20T01:00:00Z","2026-07-20T02:00:00Z","36.283457"
"2026-07-18T07:42:29Z","2026-07-20T02:00:00Z","2026-07-20T03:00:00Z","35.55958"
"2026-07-18T07:42:29Z","2026-07-20T03:00:00Z","2026-07-20T04:00:00Z","35.35847"
"2026-07-18T07:42:29Z","2026-07-20T04:00:00Z","2026-07-20T05:00:00Z","36.101387"
"2026-07-18T07:42:29Z","2026-07-20T05:00:00Z","2026-07-20T06:00:00Z","36.444345"
"2026-07-18T07:42:29Z","2026-07-20T06:00:00Z","2026-07-20T07:00:00Z","37.253307"
"2026-07-18T07:42:29Z","2026-07-20T07:00:00Z","2026-07-20T08:00:00Z","37.65517"
"2026-07-18T07:42:29Z","2026-07-20T08:00:00Z","2026-07-20T09:00:00Z","36.915585"
"2026-07-18T07:42:29Z","2026-07-20T09:00:00Z","2026-07-20T10:00:00Z","34.695045"
"2026-07-18T07:42:29Z","2026-07-20T10:00:00Z","2026-07-20T11:00:00Z","31.667447"
"2026-07-18T07:42:29Z","2026-07-20T11:00:00Z","2026-07-20T12:00:00Z","28.603435"
"2026-07-18T07:42:29Z","2026-07-20T12:00:00Z","2026-07-20T13:00:00Z","25.098052"
"2026-07-18T07:42:29Z","2026-07-20T13:00:00Z","2026-07-20T14:00:00Z","22.196237"
"2026-07-18T07:42:29Z","2026-07-20T14:00:00Z","2026-07-20T15:00:00Z","21.503062"
"2026-07-18T07:42:29Z","2026-07-20T15:00:00Z","2026-07-20T16:00:00Z","22.377117"
"2026-07-18T07:42:29Z","2026-07-20T16:00:00Z","2026-07-20T17:00:00Z","26.804155"
"2026-07-18T07:42:29Z","2026-07-20T17:00:00Z","2026-07-20T18:00:00Z","32.211277"
"2026-07-18T07:42:29Z","2026-07-20T18:00:00Z","2026-07-20T19:00:00Z","35.35014"
"2026-07-18T07:42:29Z","2026-07-20T19:00:00Z","2026-07-20T20:00:00Z","38.2942"
"2026-07-18T07:42:29Z","2026-07-20T20:00:00Z","2026-07-20T21:00:00Z","40.619222"
"2026-07-18T07:42:29Z","2026-07-20T21:00:00Z","2026-07-20T22:00:00Z","41.589667"
"2026-07-18T07:42:29Z","2026-07-20T22:00:00Z","2026-07-20T23:00:00Z","40.842942"
"2026-07-18T07:42:29Z","2026-07-20T23:00:00Z","2026-07-21T00:00:00Z","39.723152"
"2026-07-18T07:42:29Z","2026-07-21T00:00:00Z","2026-07-21T01:00:00Z","38.533985"
"2026-07-18T07:42:29Z","2026-07-21T01:00:00Z","2026-07-21T02:00:00Z","37.434425"
"2026-07-18T07:42:29Z","2026-07-21T02:00:00Z","2026-07-21T03:00:00Z","36.843947"
"2026-07-18T07:42:29Z","2026-07-21T03:00:00Z","2026-07-21T04:00:00Z","36.725542"
"2026-07-18T07:42:29Z","2026-07-21T04:00:00Z","2026-07-21T05:00:00Z","36.970325"
"2026-07-18T07:42:29Z","2026-07-21T05:00:00Z","2026-07-21T06:00:00Z","37.74561"
"2026-07-18T07:42:29Z","2026-07-21T06:00:00Z","2026-07-21T07:00:00Z","38.70118"
"2026-07-18T07:42:29Z","2026-07-21T07:00:00Z","2026-07-21T08:00:00Z","39.219425"
"2026-07-18T07:42:29Z","2026-07-21T08:00:00Z","2026-07-21T09:00:00Z","38.096065"
"2026-07-18T07:42:29Z","2026-07-21T09:00:00Z","2026-07-21T10:00:00Z","35.814835"
"2026-07-18T07:42:29Z","2026-07-21T10:00:00Z","2026-07-21T11:00:00Z","33.007387"
"2026-07-18T07:42:29Z","2026-07-21T11:00:00Z","2026-07-21T12:00:00Z","28.651987"
"2026-07-18T07:42:29Z","2026-07-21T12:00:00Z","2026-07-21T13:00:00Z","24.243037"
"2026-07-18T07:42:29Z","2026-07-21T13:00:00Z","2026-07-21T14:00:00Z","22.874775"
"2026-07-18T07:42:29Z","2026-07-21T14:00:00Z","2026-07-21T15:00:00Z","22.758155"
"2026-07-18T07:42:29Z","2026-07-21T15:00:00Z","2026-07-21T16:00:00Z","25.94795"
"2026-07-18T07:42:29Z","2026-07-21T16:00:00Z","2026-07-21T17:00:00Z","29.54056"
"2026-07-18T07:42:29Z","2026-07-21T17:00:00Z","2026-07-21T18:00:00Z","32.31088"
"2026-07-18T07:42:29Z","2026-07-21T18:00:00Z","2026-07-21T19:00:00Z","34.660892"
"2026-07-18T07:42:29Z","2026-07-21T19:00:00Z","2026-07-21T20:00:00Z","37.455012"
"2026-07-18T07:42:29Z","2026-07-21T20:00:00Z","2026-07-21T21:00:00Z","39.25334"
"2026-07-18T07:42:29Z","2026-07-21T21:00:00Z","2026-07-21T22:00:00Z","39.763612"
"2026-07-18T07:42:29Z","2026-07-21T22:00:00Z","2026-07-21T23:00:00Z","39.531562"
"2026-07-18T07:42:29Z","2026-07-21T23:00:00Z","2026-07-22T00:00:00Z","38.917165"
"2026-07-18T07:42:29Z","2026-07-22T00:00:00Z","2026-07-22T01:00:00Z","38.502212"
"2026-07-18T07:42:29Z","2026-07-22T01:00:00Z","2026-07-22T02:00:00Z","37.822722"
"2026-07-18T07:42:29Z","2026-07-22T02:00:00Z","2026-07-22T03:00:00Z","37.077782"
"2026-07-18T07:42:29Z","2026-07-22T03:00:00Z","2026-07-22T04:00:00Z","36.422925"
"2026-07-18T07:42:29Z","2026-07-22T04:00:00Z","2026-07-22T05:00:00Z","36.460767"
"2026-07-18T07:42:29Z","2026-07-22T05:00:00Z","2026-07-22T06:00:00Z","37.223795"
"2026-07-18T07:42:29Z","2026-07-22T06:00:00Z","2026-07-22T07:00:00Z","38.075002"
"2026-07-18T07:42:29Z","2026-07-22T07:00:00Z","2026-07-22T08:00:00Z","38.617642"
"2026-07-18T07:42:29Z","2026-07-22T08:00:00Z","2026-07-22T09:00:00Z","38.07643"
"2026-07-18T07:42:29Z","2026-07-22T09:00:00Z","2026-07-22T10:00:00Z","37.199995"
"2026-07-18T07:42:29Z","2026-07-22T10:00:00Z","2026-07-22T11:00:00Z","34.635902"
"2026-07-18T07:42:29Z","2026-07-22T11:00:00Z","2026-07-22T12:00:00Z","32.948482"
"2026-07-18T07:42:29Z","2026-07-22T12:00:00Z","2026-07-22T13:00:00Z","31.952095"
"2026-07-18T07:42:29Z","2026-07-22T13:00:00Z","2026-07-22T14:00:00Z","31.364592"
"2026-07-18T07:42:29Z","2026-07-22T14:00:00Z","2026-07-22T15:00:00Z","30.365825"
"2026-07-18T07:42:29Z","2026-07-22T15:00:00Z","2026-07-22T16:00:00Z","31.002475"
"2026-07-18T07:42:29Z","2026-07-22T16:00:00Z","2026-07-22T17:00:00Z","32.375497"
"2026-07-18T07:42:29Z","2026-07-22T17:00:00Z","2026-07-22T18:00:00Z","33.62226"
"2026-07-18T07:42:29Z","2026-07-22T18:00:00Z","2026-07-22T19:00:00Z","35.557557"
"2026-07-18T07:42:29Z","2026-07-22T19:00:00Z","2026-07-22T20:00:00Z","37.366357"
"2026-07-18T07:42:29Z","2026-07-22T20:00:00Z","2026-07-22T21:00:00Z","40.098002"
"2026-07-18T07:42:29Z","2026-07-22T21:00:00Z","2026-07-22T22:00:00Z","40.81105"
"2026-07-18T18:57:18Z","2026-07-19T22:00:00Z","2026-07-19T23:00:00Z","38.39773"
"2026-07-18T18:57:18Z","2026-07-19T23:00:00Z","2026-07-20T00:00:00Z","37.21606"
"2026-07-18T18:57:18Z","2026-07-20T00:00:00Z","2026-07-20T01:00:00Z","36.275365"
"2026-07-18T18:57:18Z","2026-07-20T01:00:00Z","2026-07-20T02:00:00Z","36.63891"
"2026-07-18T18:57:18Z","2026-07-20T02:00:00Z","2026-07-20T03:00:00Z","35.459025"
"2026-07-18T18:57:18Z","2026-07-20T03:00:00Z","2026-07-20T04:00:00Z","34.63257"
"2026-07-18T18:57:18Z","2026-07-20T04:00:00Z","2026-07-20T05:00:00Z","34.620432"
"2026-07-18T18:57:18Z","2026-07-20T05:00:00Z","2026-07-20T06:00:00Z","35.685125"
"2026-07-18T18:57:18Z","2026-07-20T06:00:00Z","2026-07-20T07:00:00Z","36.514317"
"2026-07-18T18:57:18Z","2026-07-20T07:00:00Z","2026-07-20T08:00:00Z","36.57703"
"2026-07-18T18:57:18Z","2026-07-20T08:00:00Z","2026-07-20T09:00:00Z","35.614677"
"2026-07-18T18:57:18Z","2026-07-20T09:00:00Z","2026-07-20T10:00:00Z","33.740427"
"2026-07-18T18:57:18Z","2026-07-20T10:00:00Z","2026-07-20T11:00:00Z","31.575817"
"2026-07-18T18:57:18Z","2026-07-20T11:00:00Z","2026-07-20T12:00:00Z","27.773172"
"2026-07-18T18:57:18Z","2026-07-20T12:00:00Z","2026-07-20T13:00:00Z","22.991395"
"2026-07-18T18:57:18Z","2026-07-20T13:00:00Z","2026-07-20T14:00:00Z","21.324562"
"2026-07-18T18:57:18Z","2026-07-20T14:00:00Z","2026-07-20T15:00:00Z","21.480452"
"2026-07-18T18:57:18Z","2026-07-20T15:00:00Z","2026-07-20T16:00:00Z","22.010002"
"2026-07-18T18:57:18Z","2026-07-20T16:00:00Z","2026-07-20T17:00:00Z","26.623632"
"2026-07-18T18:57:18Z","2026-07-20T17:00:00Z","2026-07-20T18:00:00Z","31.560585"
"2026-07-18T18:57:18Z","2026-07-20T18:00:00Z","2026-07-20T19:00:00Z","34.866762"
"2026-07-18T18:57:18Z","2026-07-20T19:00:00Z","2026-07-20T20:00:00Z","37.867942"
"2026-07-18T18:57:18Z","2026-07-20T20:00:00Z","2026-07-20T21:00:00Z","39.90308"
"2026-07-18T18:57:18Z","2026-07-20T21:00:00Z","2026-07-20T22:00:00Z","40.773327"
"2026-07-18T18:57:18Z","2026-07-20T22:00:00Z","2026-07-20T23:00:00Z","40.986932"
"2026-07-18T18:57:18Z","2026-07-20T23:00:00Z","2026-07-21T00:00:00Z","40.06611"
"2026-07-18T18:57:18Z","2026-07-21T00:00:00Z","2026-07-21T01:00:00Z","38.393565"
"2026-07-18T18:57:18Z","2026-07-21T01:00:00Z","2026-07-21T02:00:00Z","37.513322"
"2026-07-18T18:57:18Z","2026-07-21T02:00:00Z","2026-07-21T03:00:00Z","37.1637"
"2026-07-18T18:57:18Z","2026-07-21T03:00:00Z","2026-07-21T04:00:00Z","37.103605"
"2026-07-18T18:57:18Z","2026-07-21T04:00:00Z","2026-07-21T05:00:00Z","37.100392"
"2026-07-18T18:57:18Z","2026-07-21T05:00:00Z","2026-07-21T06:00:00Z","37.193807"
"2026-07-18T18:57:18Z","2026-07-21T06:00:00Z","2026-07-21T07:00:00Z","38.123435"
"2026-07-18T18:57:18Z","2026-07-21T07:00:00Z","2026-07-21T08:00:00Z","38.389757"
"2026-07-18T18:57:18Z","2026-07-21T08:00:00Z","2026-07-21T09:00:00Z","37.826292"
"2026-07-18T18:57:18Z","2026-07-21T09:00:00Z","2026-07-21T10:00:00Z","35.658945"
"2026-07-18T18:57:18Z","2026-07-21T10:00:00Z","2026-07-21T11:00:00Z","33.214685"
"2026-07-18T18:57:18Z","2026-07-21T11:00:00Z","2026-07-21T12:00:00Z","29.62148"
"2026-07-18T18:57:18Z","2026-07-21T12:00:00Z","2026-07-21T13:00:00Z","23.974692"
"2026-07-18T18:57:18Z","2026-07-21T13:00:00Z","2026-07-21T14:00:00Z","21.726782"
"2026-07-18T18:57:18Z","2026-07-21T14:00:00Z","2026-07-21T15:00:00Z","21.781165"
"2026-07-18T18:57:18Z","2026-07-21T15:00:00Z","2026-07-21T16:00:00Z","24.130582"
"2026-07-18T18:57:18Z","2026-07-21T16:00:00Z","2026-07-21T17:00:00Z","27.428072"
"2026-07-18T18:57:18Z","2026-07-21T17:00:00Z","2026-07-21T18:00:00Z","30.709735"
"2026-07-18T18:57:18Z","2026-07-21T18:00:00Z","2026-07-21T19:00:00Z","34.135745"
"2026-07-18T18:57:18Z","2026-07-21T19:00:00Z","2026-07-21T20:00:00Z","36.633555"
"2026-07-18T18:57:18Z","2026-07-21T20:00:00Z","2026-07-21T21:00:00Z","38.28587"
"2026-07-18T18:57:18Z","2026-07-21T21:00:00Z","2026-07-21T22:00:00Z","39.386977"
"2026-07-18T18:57:18Z","2026-07-21T22:00:00Z","2026-07-21T23:00:00Z","39.378052"
"2026-07-18T18:57:18Z","2026-07-21T23:00:00Z","2026-07-22T00:00:00Z","38.409392"
"2026-07-18T18:57:18Z","2026-07-22T00:00:00Z","2026-07-22T01:00:00Z","38.24303"
"2026-07-18T18:57:18Z","2026-07-22T01:00:00Z","2026-07-22T02:00:00Z","37.799517"
"2026-07-18T18:57:18Z","2026-07-22T02:00:00Z","2026-07-22T03:00:00Z","36.86263"
"2026-07-18T18:57:18Z","2026-07-22T03:00:00Z","2026-07-22T04:00:00Z","36.398292"
"2026-07-18T18:57:18Z","2026-07-22T04:00:00Z","2026-07-22T05:00:00Z","36.362592"
"2026-07-18T18:57:18Z","2026-07-22T05:00:00Z","2026-07-22T06:00:00Z","36.653785"
"2026-07-18T18:57:18Z","2026-07-22T06:00:00Z","2026-07-22T07:00:00Z","37.488927"
"2026-07-18T18:57:18Z","2026-07-22T07:00:00Z","2026-07-22T08:00:00Z","38.169845"
"2026-07-18T18:57:18Z","2026-07-22T08:00:00Z","2026-07-22T09:00:00Z","37.855685"
"2026-07-18T18:57:18Z","2026-07-22T09:00:00Z","2026-07-22T10:00:00Z","35.194845"
"2026-07-18T18:57:18Z","2026-07-22T10:00:00Z","2026-07-22T11:00:00Z","32.376687"
"2026-07-18T18:57:18Z","2026-07-22T11:00:00Z","2026-07-22T12:00:00Z","27.66393"
"2026-07-18T18:57:18Z","2026-07-22T12:00:00Z","2026-07-22T13:00:00Z","24.277547"
"2026-07-18T18:57:18Z","2026-07-22T13:00:00Z","2026-07-22T14:00:00Z","22.176245"
"2026-07-18T18:57:18Z","2026-07-22T14:00:00Z","2026-07-22T15:00:00Z","21.96264"
"2026-07-18T18:57:18Z","2026-07-22T15:00:00Z","2026-07-22T16:00:00Z","23.01341"
"2026-07-18T18:57:18Z","2026-07-22T16:00:00Z","2026-07-22T17:00:00Z","23.986235"
"2026-07-18T18:57:18Z","2026-07-22T17:00:00Z","2026-07-22T18:00:00Z","28.716842"
"2026-07-18T18:57:18Z","2026-07-22T18:00:00Z","2026-07-22T19:00:00Z","31.982202"
"2026-07-18T18:57:18Z","2026-07-22T19:00:00Z","2026-07-22T20:00:00Z","35.57148"
"2026-07-18T18:57:18Z","2026-07-22T20:00:00Z","2026-07-22T21:00:00Z","37.50404"
"2026-07-18T18:57:18Z","2026-07-22T21:00:00Z","2026-07-22T22:00:00Z","38.104752"
"2026-07-19T08:09:29Z","2026-07-19T22:00:00Z","2026-07-19T23:00:00Z","38.39773"
"2026-07-19T08:09:29Z","2026-07-19T23:00:00Z","2026-07-20T00:00:00Z","37.21606"
"2026-07-19T08:09:29Z","2026-07-20T00:00:00Z","2026-07-20T01:00:00Z","36.275365"
"2026-07-19T08:09:29Z","2026-07-20T01:00:00Z","2026-07-20T02:00:00Z","36.63891"
"2026-07-19T08:09:29Z","2026-07-20T02:00:00Z","2026-07-20T03:00:00Z","35.459025"
"2026-07-19T08:09:29Z","2026-07-20T03:00:00Z","2026-07-20T04:00:00Z","34.63257"
"2026-07-19T08:09:29Z","2026-07-20T04:00:00Z","2026-07-20T05:00:00Z","34.620432"
"2026-07-19T08:09:29Z","2026-07-20T05:00:00Z","2026-07-20T06:00:00Z","35.685125"
"2026-07-19T08:09:29Z","2026-07-20T06:00:00Z","2026-07-20T07:00:00Z","36.514317"
"2026-07-19T08:09:29Z","2026-07-20T07:00:00Z","2026-07-20T08:00:00Z","36.57703"
"2026-07-19T08:09:29Z","2026-07-20T08:00:00Z","2026-07-20T09:00:00Z","35.614677"
"2026-07-19T08:09:29Z","2026-07-20T09:00:00Z","2026-07-20T10:00:00Z","33.740427"
"2026-07-19T08:09:29Z","2026-07-20T10:00:00Z","2026-07-20T11:00:00Z","31.575817"
"2026-07-19T08:09:29Z","2026-07-20T11:00:00Z","2026-07-20T12:00:00Z","27.773172"
"2026-07-19T08:09:29Z","2026-07-20T12:00:00Z","2026-07-20T13:00:00Z","22.991395"
"2026-07-19T08:09:29Z","2026-07-20T13:00:00Z","2026-07-20T14:00:00Z","21.324562"
"2026-07-19T08:09:29Z","2026-07-20T14:00:00Z","2026-07-20T15:00:00Z","21.480452"
"2026-07-19T08:09:29Z","2026-07-20T15:00:00Z","2026-07-20T16:00:00Z","22.010002"
"2026-07-19T08:09:29Z","2026-07-20T16:00:00Z","2026-07-20T17:00:00Z","26.623632"
"2026-07-19T08:09:29Z","2026-07-20T17:00:00Z","2026-07-20T18:00:00Z","31.560585"
"2026-07-19T08:09:29Z","2026-07-20T18:00:00Z","2026-07-20T19:00:00Z","34.866762"
"2026-07-19T08:09:29Z","2026-07-20T19:00:00Z","2026-07-20T20:00:00Z","37.867942"
"2026-07-19T08:09:29Z","2026-07-20T20:00:00Z","2026-07-20T21:00:00Z","39.90308"
"2026-07-19T08:09:29Z","2026-07-20T21:00:00Z","2026-07-20T22:00:00Z","40.773327"
"2026-07-19T08:09:29Z","2026-07-20T22:00:00Z","2026-07-20T23:00:00Z","40.986932"
"2026-07-19T08:09:29Z","2026-07-20T23:00:00Z","2026-07-21T00:00:00Z","40.06611"
"2026-07-19T08:09:29Z","2026-07-21T00:00:00Z","2026-07-21T01:00:00Z","38.393565"
"2026-07-19T08:09:29Z","2026-07-21T01:00:00Z","2026-07-21T02:00:00Z","37.513322"
"2026-07-19T08:09:29Z","2026-07-21T02:00:00Z","2026-07-21T03:00:00Z","37.1637"
"2026-07-19T08:09:29Z","2026-07-21T03:00:00Z","2026-07-21T04:00:00Z","37.103605"
"2026-07-19T08:09:29Z","2026-07-21T04:00:00Z","2026-07-21T05:00:00Z","37.100392"
"2026-07-19T08:09:29Z","2026-07-21T05:00:00Z","2026-07-21T06:00:00Z","37.193807"
"2026-07-19T08:09:29Z","2026-07-21T06:00:00Z","2026-07-21T07:00:00Z","38.123435"
"2026-07-19T08:09:29Z","2026-07-21T07:00:00Z","2026-07-21T08:00:00Z","38.389757"
"2026-07-19T08:09:29Z","2026-07-21T08:00:00Z","2026-07-21T09:00:00Z","37.826292"
"2026-07-19T08:09:29Z","2026-07-21T09:00:00Z","2026-07-21T10:00:00Z","35.658945"
"2026-07-19T08:09:29Z","2026-07-21T10:00:00Z","2026-07-21T11:00:00Z","33.214685"
"2026-07-19T08:09:29Z","2026-07-21T11:00:00Z","2026-07-21T12:00:00Z","29.62148"
"2026-07-19T08:09:29Z","2026-07-21T12:00:00Z","2026-07-21T13:00:00Z","23.974692"
"2026-07-19T08:09:29Z","2026-07-21T13:00:00Z","2026-07-21T14:00:00Z","21.726782"
"2026-07-19T08:09:29Z","2026-07-21T14:00:00Z","2026-07-21T15:00:00Z","21.781165"
"2026-07-19T08:09:29Z","2026-07-21T15:00:00Z","2026-07-21T16:00:00Z","24.130582"
"2026-07-19T08:09:29Z","2026-07-21T16:00:00Z","2026-07-21T17:00:00Z","27.428072"
"2026-07-19T08:09:29Z","2026-07-21T17:00:00Z","2026-07-21T18:00:00Z","30.709735"
"2026-07-19T08:09:29Z","2026-07-21T18:00:00Z","2026-07-21T19:00:00Z","34.135745"
"2026-07-19T08:09:29Z","2026-07-21T19:00:00Z","2026-07-21T20:00:00Z","36.633555"
"2026-07-19T08:09:29Z","2026-07-21T20:00:00Z","2026-07-21T21:00:00Z","38.28587"
"2026-07-19T08:09:29Z","2026-07-21T21:00:00Z","2026-07-21T22:00:00Z","39.386977"
"2026-07-19T08:09:29Z","2026-07-21T22:00:00Z","2026-07-21T23:00:00Z","39.378052"
"2026-07-19T08:09:29Z","2026-07-21T23:00:00Z","2026-07-22T00:00:00Z","38.409392"
"2026-07-19T08:09:29Z","2026-07-22T00:00:00Z","2026-07-22T01:00:00Z","38.24303"
"2026-07-19T08:09:29Z","2026-07-22T01:00:00Z","2026-07-22T02:00:00Z","37.799517"
"2026-07-19T08:09:29Z","2026-07-22T02:00:00Z","2026-07-22T03:00:00Z","36.86263"
"2026-07-19T08:09:29Z","2026-07-22T03:00:00Z","2026-07-22T04:00:00Z","36.398292"
"2026-07-19T08:09:29Z","2026-07-22T04:00:00Z","2026-07-22T05:00:00Z","36.362592"
"2026-07-19T08:09:29Z","2026-07-22T05:00:00Z","2026-07-22T06:00:00Z","36.653785"
"2026-07-19T08:09:29Z","2026-07-22T06:00:00Z","2026-07-22T07:00:00Z","37.488927"
"2026-07-19T08:09:29Z","2026-07-22T07:00:00Z","2026-07-22T08:00:00Z","38.169845"
"2026-07-19T08:09:29Z","2026-07-22T08:00:00Z","2026-07-22T09:00:00Z","37.855685"
"2026-07-19T08:09:29Z","2026-07-22T09:00:00Z","2026-07-22T10:00:00Z","35.194845"
"2026-07-19T08:09:29Z","2026-07-22T10:00:00Z","2026-07-22T11:00:00Z","32.376687"
"2026-07-19T08:09:29Z","2026-07-22T11:00:00Z","2026-07-22T12:00:00Z","27.66393"
"2026-07-19T08:09:29Z","2026-07-22T12:00:00Z","2026-07-22T13:00:00Z","24.277547"
"2026-07-19T08:09:29Z","2026-07-22T13:00:00Z","2026-07-22T14:00:00Z","22.176245"
"2026-07-19T08:09:29Z","2026-07-22T14:00:00Z","2026-07-22T15:00:00Z","21.96264"
"2026-07-19T08:09:29Z","2026-07-22T15:00:00Z","2026-07-22T16:00:00Z","23.01341"
"2026-07-19T08:09:29Z","2026-07-22T16:00:00Z","2026-07-22T17:00:00Z","23.986235"
"2026-07-19T08:09:29Z","2026-07-22T17:00:00Z","2026-07-22T18:00:00Z","28.716842"
"2026-07-19T08:09:29Z","2026-07-22T18:00:00Z","2026-07-22T19:00:00Z","31.982202"
"2026-07-19T08:09:29Z","2026-07-22T19:00:00Z","2026-07-22T20:00:00Z","35.57148"
"2026-07-19T08:09:29Z","2026-07-22T20:00:00Z","2026-07-22T21:00:00Z","37.50404"
"2026-07-19T08:09:29Z","2026-07-22T21:00:00Z","2026-07-22T22:00:00Z","38.104752"
"2026-07-19T08:09:29Z","2026-07-22T22:00:00Z","2026-07-22T23:00:00Z","38.302292"
"2026-07-19T08:09:29Z","2026-07-22T23:00:00Z","2026-07-23T00:00:00Z","37.931607"
"2026-07-19T08:09:29Z","2026-07-23T00:00:00Z","2026-07-23T01:00:00Z","37.496067"
"2026-07-19T08:09:29Z","2026-07-23T01:00:00Z","2026-07-23T02:00:00Z","36.837997"
"2026-07-19T08:09:29Z","2026-07-23T02:00:00Z","2026-07-23T03:00:00Z","35.132132"
"2026-07-19T08:09:29Z","2026-07-23T03:00:00Z","2026-07-23T04:00:00Z","34.97529"
"2026-07-19T08:09:29Z","2026-07-23T04:00:00Z","2026-07-23T05:00:00Z","35.796985"
"2026-07-19T08:09:29Z","2026-07-23T05:00:00Z","2026-07-23T06:00:00Z","36.41043"
"2026-07-19T08:09:29Z","2026-07-23T06:00:00Z","2026-07-23T07:00:00Z","37.423715"
"2026-07-19T08:09:29Z","2026-07-23T07:00:00Z","2026-07-23T08:00:00Z","37.773932"
"2026-07-19T08:09:29Z","2026-07-23T08:00:00Z","2026-07-23T09:00:00Z","37.892932"
"2026-07-19T08:09:29Z","2026-07-23T09:00:00Z","2026-07-23T10:00:00Z","36.860012"
"2026-07-19T08:09:29Z","2026-07-23T10:00:00Z","2026-07-23T11:00:00Z","34.196435"
"2026-07-19T08:09:29Z","2026-07-23T11:00:00Z","2026-07-23T12:00:00Z","31.91342"
"2026-07-19T08:09:29Z","2026-07-23T12:00:00Z","2026-07-23T13:00:00Z","28.696612"
"2026-07-19T08:09:29Z","2026-07-23T13:00:00Z","2026-07-23T14:00:00Z","25.57191"
"2026-07-19T08:09:29Z","2026-07-23T14:00:00Z","2026-07-23T15:00:00Z","24.680005"
"2026-07-19T08:09:29Z","2026-07-23T15:00:00Z","2026-07-23T16:00:00Z","26.643862"
"2026-07-19T08:09:29Z","2026-07-23T16:00:00Z","2026-07-23T17:00:00Z","28.622832"
"2026-07-19T08:09:29Z","2026-07-23T17:00:00Z","2026-07-23T18:00:00Z","31.540712"
"2026-07-19T08:09:29Z","2026-07-23T18:00:00Z","2026-07-23T19:00:00Z","35.08477"
"2026-07-19T08:09:29Z","2026-07-23T19:00:00Z","2026-07-23T20:00:00Z","36.751722"
"2026-07-19T08:09:29Z","2026-07-23T20:00:00Z","2026-07-23T21:00:00Z","38.582537"
"2026-07-19T08:09:29Z","2026-07-23T21:00:00Z","2026-07-23T22:00:00Z","39.781105"
"2026-07-19T19:00:09Z","2026-07-20T22:00:00Z","2026-07-20T23:00:00Z","41.605375"
"2026-07-19T19:00:09Z","2026-07-20T23:00:00Z","2026-07-21T00:00:00Z","39.859407"
"2026-07-19T19:00:09Z","2026-07-21T00:00:00Z","2026-07-21T01:00:00Z","38.074407"
"2026-07-19T19:00:09Z","2026-07-21T01:00:00Z","2026-07-21T02:00:00Z","37.507372"
"2026-07-19T19:00:09Z","2026-07-21T02:00:00Z","2026-07-21T03:00:00Z","36.304877"
"2026-07-19T19:00:09Z","2026-07-21T03:00:00Z","2026-07-21T04:00:00Z","35.62027"
"2026-07-19T19:00:09Z","2026-07-21T04:00:00Z","2026-07-21T05:00:00Z","35.590877"
"2026-07-19T19:00:09Z","2026-07-21T05:00:00Z","2026-07-21T06:00:00Z","36.80432"
"2026-07-19T19:00:09Z","2026-07-21T06:00:00Z","2026-07-21T07:00:00Z","37.640295"
"2026-07-19T19:00:09Z","2026-07-21T07:00:00Z","2026-07-21T08:00:00Z","37.920302"
"2026-07-19T19:00:09Z","2026-07-21T08:00:00Z","2026-07-21T09:00:00Z","37.01852"
"2026-07-19T19:00:09Z","2026-07-21T09:00:00Z","2026-07-21T10:00:00Z","34.852125"
"2026-07-19T19:00:09Z","2026-07-21T10:00:00Z","2026-07-21T11:00:00Z","31.50763"
"2026-07-19T19:00:09Z","2026-07-21T11:00:00Z","2026-07-21T12:00:00Z","28.8099"
"2026-07-19T19:00:09Z","2026-07-21T12:00:00Z","2026-07-21T13:00:00Z","23.288895"
"2026-07-19T19:00:09Z","2026-07-21T13:00:00Z","2026-07-21T14:00:00Z","23.066365"
"2026-07-19T19:00:09Z","2026-07-21T14:00:00Z","2026-07-21T15:00:00Z","23.09671"
"2026-07-19T19:00:09Z","2026-07-21T15:00:00Z","2026-07-21T16:00:00Z","21.955857"
"2026-07-19T19:00:09Z","2026-07-21T16:00:00Z","2026-07-21T17:00:00Z","25.315227"
"2026-07-19T19:00:09Z","2026-07-21T17:00:00Z","2026-07-21T18:00:00Z","29.989547"
"2026-07-19T19:00:09Z","2026-07-21T18:00:00Z","2026-07-21T19:00:00Z","34.00782"
"2026-07-19T19:00:09Z","2026-07-21T19:00:00Z","2026-07-21T20:00:00Z","36.872745"
"2026-07-19T19:00:09Z","2026-07-21T20:00:00Z","2026-07-21T21:00:00Z","38.753897"
"2026-07-19T19:00:09Z","2026-07-21T21:00:00Z","2026-07-21T22:00:00Z","39.505382"
"2026-07-19T19:00:09Z","2026-07-21T22:00:00Z","2026-07-21T23:00:00Z","39.340805"
"2026-07-19T19:00:09Z","2026-07-21T23:00:00Z","2026-07-22T00:00:00Z","38.290987"
"2026-07-19T19:00:09Z","2026-07-22T00:00:00Z","2026-07-22T01:00:00Z","37.62542"
"2026-07-19T19:00:09Z","2026-07-22T01:00:00Z","2026-07-22T02:00:00Z","36.996862"
"2026-07-19T19:00:09Z","2026-07-22T02:00:00Z","2026-07-22T03:00:00Z","36.089487"
"2026-07-19T19:00:09Z","2026-07-22T03:00:00Z","2026-07-22T04:00:00Z","35.332647"
"2026-07-19T19:00:09Z","2026-07-22T04:00:00Z","2026-07-22T05:00:00Z","35.424515"
"2026-07-19T19:00:09Z","2026-07-22T05:00:00Z","2026-07-22T06:00:00Z","35.618247"
"2026-07-19T19:00:09Z","2026-07-22T06:00:00Z","2026-07-22T07:00:00Z","36.18195"
"2026-07-19T19:00:09Z","2026-07-22T07:00:00Z","2026-07-22T08:00:00Z","36.352715"
"2026-07-19T19:00:09Z","2026-07-22T08:00:00Z","2026-07-22T09:00:00Z","35.413805"
"2026-07-19T19:00:09Z","2026-07-22T09:00:00Z","2026-07-22T10:00:00Z","33.147807"
"2026-07-19T19:00:09Z","2026-07-22T10:00:00Z","2026-07-22T11:00:00Z","30.466142"
"2026-07-19T19:00:09Z","2026-07-22T11:00:00Z","2026-07-22T12:00:00Z","23.93804"
"2026-07-19T19:00:09Z","2026-07-22T12:00:00Z","2026-07-22T13:00:00Z","20.826547"
"2026-07-19T19:00:09Z","2026-07-22T13:00:00Z","2026-07-22T14:00:00Z","20.537615"
"2026-07-19T19:00:09Z","2026-07-22T14:00:00Z","2026-07-22T15:00:00Z","20.397195"
"2026-07-19T19:00:09Z","2026-07-22T15:00:00Z","2026-07-22T16:00:00Z","20.36447"
"2026-07-19T19:00:09Z","2026-07-22T16:00:00Z","2026-07-22T17:00:00Z","21.5866"
"2026-07-19T19:00:09Z","2026-07-22T17:00:00Z","2026-07-22T18:00:00Z","26.34303"
"2026-07-19T19:00:09Z","2026-07-22T18:00:00Z","2026-07-22T19:00:00Z","32.549832"
"2026-07-19T19:00:09Z","2026-07-22T19:00:00Z","2026-07-22T20:00:00Z","35.60242"
"2026-07-19T19:00:09Z","2026-07-22T20:00:00Z","2026-07-22T21:00:00Z","36.585955"
"2026-07-19T19:00:09Z","2026-07-22T21:00:00Z","2026-07-22T22:00:00Z","37.792377"
"2026-07-19T19:00:09Z","2026-07-22T22:00:00Z","2026-07-22T23:00:00Z","38.09666"
"2026-07-19T19:00:09Z","2026-07-22T23:00:00Z","2026-07-23T00:00:00Z","37.363025"
"2026-07-19T19:00:09Z","2026-07-23T00:00:00Z","2026-07-23T01:00:00Z","37.474885"
"2026-07-19T19:00:09Z","2026-07-23T01:00:00Z","2026-07-23T02:00:00Z","37.037917"
"2026-07-19T19:00:09Z","2026-07-23T02:00:00Z","2026-07-23T03:00:00Z","35.62503"
"2026-07-19T19:00:09Z","2026-07-23T03:00:00Z","2026-07-23T04:00:00Z","35.17283"
"2026-07-19T19:00:09Z","2026-07-23T04:00:00Z","2026-07-23T05:00:00Z","35.953827"
"2026-07-19T19:00:09Z","2026-07-23T05:00:00Z","2026-07-23T06:00:00Z","36.234072"
"2026-07-19T19:00:09Z","2026-07-23T06:00:00Z","2026-07-23T07:00:00Z","37.57782"
"2026-07-19T19:00:09Z","2026-07-23T07:00:00Z","2026-07-23T08:00:00Z","37.905427"
"2026-07-19T19:00:09Z","2026-07-23T08:00:00Z","2026-07-23T09:00:00Z","36.993887"
"2026-07-19T19:00:09Z","2026-07-23T09:00:00Z","2026-07-23T10:00:00Z","34.865572"
"2026-07-19T19:00:09Z","2026-07-23T10:00:00Z","2026-07-23T11:00:00Z","32.991917"
"2026-07-19T19:00:09Z","2026-07-23T11:00:00Z","2026-07-23T12:00:00Z","27.796615"
"2026-07-19T19:00:09Z","2026-07-23T12:00:00Z","2026-07-23T13:00:00Z","27.538385"
"2026-07-19T19:00:09Z","2026-07-23T13:00:00Z","2026-07-23T14:00:00Z","23.114322"
"2026-07-19T19:00:09Z","2026-07-23T14:00:00Z","2026-07-23T15:00:00Z","22.375927"
"2026-07-19T19:00:09Z","2026-07-23T15:00:00Z","2026-07-23T16:00:00Z","22.95986"
"2026-07-19T19:00:09Z","2026-07-23T16:00:00Z","2026-07-23T17:00:00Z","25.845372"
"2026-07-19T19:00:09Z","2026-07-23T17:00:00Z","2026-07-23T18:00:00Z","30.34143"
"2026-07-19T19:00:09Z","2026-07-23T18:00:00Z","2026-07-23T19:00:00Z","34.297942"
"2026-07-19T19:00:09Z","2026-07-23T19:00:00Z","2026-07-23T20:00:00Z","37.399082"
"2026-07-19T19:00:09Z","2026-07-23T20:00:00Z","2026-07-23T21:00:00Z","38.772342"
"2026-07-19T19:00:09Z","2026-07-23T21:00:00Z","2026-07-23T22:00:00Z","39.735885"
"2026-07-20T08:50:36Z","2026-07-20T22:00:00Z","2026-07-20T23:00:00Z","41.605375"
"2026-07-20T08:50:36Z","2026-07-20T23:00:00Z","2026-07-21T00:00:00Z","39.859407"
"2026-07-20T08:50:36Z","2026-07-21T00:00:00Z","2026-07-21T01:00:00Z","38.074407"
"2026-07-20T08:50:36Z","2026-07-21T01:00:00Z","2026-07-21T02:00:00Z","37.507372"
"2026-07-20T08:50:36Z","2026-07-21T02:00:00Z","2026-07-21T03:00:00Z","36.304877"
"2026-07-20T08:50:36Z","2026-07-21T03:00:00Z","2026-07-21T04:00:00Z","35.62027"
"2026-07-20T08:50:36Z","2026-07-21T04:00:00Z","2026-07-21T05:00:00Z","35.590877"
"2026-07-20T08:50:36Z","2026-07-21T05:00:00Z","2026-07-21T06:00:00Z","36.80432"
"2026-07-20T08:50:36Z","2026-07-21T06:00:00Z","2026-07-21T07:00:00Z","37.640295"
"2026-07-20T08:50:36Z","2026-07-21T07:00:00Z","2026-07-21T08:00:00Z","37.920302"
"2026-07-20T08:50:36Z","2026-07-21T08:00:00Z","2026-07-21T09:00:00Z","37.01852"
"2026-07-20T08:50:36Z","2026-07-21T09:00:00Z","2026-07-21T10:00:00Z","34.852125"
"2026-07-20T08:50:36Z","2026-07-21T10:00:00Z","2026-07-21T11:00:00Z","31.50763"
"2026-07-20T08:50:36Z","2026-07-21T11:00:00Z","2026-07-21T12:00:00Z","28.8099"
"2026-07-20T08:50:36Z","2026-07-21T12:00:00Z","2026-07-21T13:00:00Z","23.288895"
"2026-07-20T08:50:36Z","2026-07-21T13:00:00Z","2026-07-21T14:00:00Z","23.066365"
"2026-07-20T08:50:36Z","2026-07-21T14:00:00Z","2026-07-21T15:00:00Z","23.09671"
"2026-07-20T08:50:36Z","2026-07-21T15:00:00Z","2026-07-21T16:00:00Z","21.955857"
"2026-07-20T08:50:36Z","2026-07-21T16:00:00Z","2026-07-21T17:00:00Z","25.315227"
"2026-07-20T08:50:36Z","2026-07-21T17:00:00Z","2026-07-21T18:00:00Z","29.989547"
"2026-07-20T08:50:36Z","2026-07-21T18:00:00Z","2026-07-21T19:00:00Z","34.00782"
"2026-07-20T08:50:36Z","2026-07-21T19:00:00Z","2026-07-21T20:00:00Z","36.872745"
"2026-07-20T08:50:36Z","2026-07-21T20:00:00Z","2026-07-21T21:00:00Z","38.753897"
"2026-07-20T08:50:36Z","2026-07-21T21:00:00Z","2026-07-21T22:00:00Z","39.505382"
"2026-07-20T08:50:36Z","2026-07-21T22:00:00Z","2026-07-21T23:00:00Z","39.340805"
"2026-07-20T08:50:36Z","2026-07-21T23:00:00Z","2026-07-22T00:00:00Z","38.290987"
"2026-07-20T08:50:36Z","2026-07-22T00:00:00Z","2026-07-22T01:00:00Z","37.62542"
"2026-07-20T08:50:36Z","2026-07-22T01:00:00Z","2026-07-22T02:00:00Z","36.996862"
"2026-07-20T08:50:36Z","2026-07-22T02:00:00Z","2026-07-22T03:00:00Z","36.089487"
"2026-07-20T08:50:36Z","2026-07-22T03:00:00Z","2026-07-22T04:00:00Z","35.332647"
"2026-07-20T08:50:36Z","2026-07-22T04:00:00Z","2026-07-22T05:00:00Z","35.424515"
"2026-07-20T08:50:36Z","2026-07-22T05:00:00Z","2026-07-22T06:00:00Z","35.618247"
"2026-07-20T08:50:36Z","2026-07-22T06:00:00Z","2026-07-22T07:00:00Z","36.18195"
"2026-07-20T08:50:36Z","2026-07-22T07:00:00Z","2026-07-22T08:00:00Z","36.352715"
"2026-07-20T08:50:36Z","2026-07-22T08:00:00Z","2026-07-22T09:00:00Z","35.413805"
"2026-07-20T08:50:36Z","2026-07-22T09:00:00Z","2026-07-22T10:00:00Z","33.147807"
"2026-07-20T08:50:36Z","2026-07-22T10:00:00Z","2026-07-22T11:00:00Z","30.466142"
"2026-07-20T08:50:36Z","2026-07-22T11:00:00Z","2026-07-22T12:00:00Z","23.93804"
"2026-07-20T08:50:36Z","2026-07-22T12:00:00Z","2026-07-22T13:00:00Z","20.826547"
"2026-07-20T08:50:36Z","2026-07-22T13:00:00Z","2026-07-22T14:00:00Z","20.537615"
"2026-07-20T08:50:36Z","2026-07-22T14:00:00Z","2026-07-22T15:00:00Z","20.397195"
"2026-07-20T08:50:36Z","2026-07-22T15:00:00Z","2026-07-22T16:00:00Z","20.36447"
"2026-07-20T08:50:36Z","2026-07-22T16:00:00Z","2026-07-22T17:00:00Z","21.5866"
"2026-07-20T08:50:36Z","2026-07-22T17:00:00Z","2026-07-22T18:00:00Z","26.34303"
"2026-07-20T08:50:36Z","2026-07-22T18:00:00Z","2026-07-22T19:00:00Z","32.549832"
"2026-07-20T08:50:36Z","2026-07-22T19:00:00Z","2026-07-22T20:00:00Z","35.60242"
"2026-07-20T08:50:36Z","2026-07-22T20:00:00Z","2026-07-22T21:00:00Z","36.585955"
"2026-07-20T08:50:36Z","2026-07-22T21:00:00Z","2026-07-22T22:00:00Z","37.792377"
"2026-07-20T08:50:36Z","2026-07-22T22:00:00Z","2026-07-22T23:00:00Z","38.09666"
"2026-07-20T08:50:36Z","2026-07-22T23:00:00Z","2026-07-23T00:00:00Z","37.363025"
"2026-07-20T08:50:36Z","2026-07-23T00:00:00Z","2026-07-23T01:00:00Z","37.474885"
"2026-07-20T08:50:36Z","2026-07-23T01:00:00Z","2026-07-23T02:00:00Z","37.037917"
"2026-07-20T08:50:36Z","2026-07-23T02:00:00Z","2026-07-23T03:00:00Z","35.62503"
"2026-07-20T08:50:36Z","2026-07-23T03:00:00Z","2026-07-23T04:00:00Z","35.17283"
"2026-07-20T08:50:36Z","2026-07-23T04:00:00Z","2026-07-23T05:00:00Z","35.953827"
"2026-07-20T08:50:36Z","2026-07-23T05:00:00Z","2026-07-23T06:00:00Z","36.234072"
"2026-07-20T08:50:36Z","2026-07-23T06:00:00Z","2026-07-23T07:00:00Z","37.57782"
"2026-07-20T08:50:36Z","2026-07-23T07:00:00Z","2026-07-23T08:00:00Z","37.905427"
"2026-07-20T08:50:36Z","2026-07-23T08:00:00Z","2026-07-23T09:00:00Z","36.993887"
"2026-07-20T08:50:36Z","2026-07-23T09:00:00Z","2026-07-23T10:00:00Z","34.865572"
"2026-07-20T08:50:36Z","2026-07-23T10:00:00Z","2026-07-23T11:00:00Z","32.991917"
"2026-07-20T08:50:36Z","2026-07-23T11:00:00Z","2026-07-23T12:00:00Z","27.796615"
"2026-07-20T08:50:36Z","2026-07-23T12:00:00Z","2026-07-23T13:00:00Z","27.538385"
"2026-07-20T08:50:36Z","2026-07-23T13:00:00Z","2026-07-23T14:00:00Z","23.114322"
"2026-07-20T08:50:36Z","2026-07-23T14:00:00Z","2026-07-23T15:00:00Z","22.375927"
"2026-07-20T08:50:36Z","2026-07-23T15:00:00Z","2026-07-23T16:00:00Z","22.95986"
"2026-07-20T08:50:36Z","2026-07-23T16:00:00Z","2026-07-23T17:00:00Z","25.845372"
"2026-07-20T08:50:36Z","2026-07-23T17:00:00Z","2026-07-23T18:00:00Z","30.34143"
"2026-07-20T08:50:36Z","2026-07-23T18:00:00Z","2026-07-23T19:00:00Z","34.297942"
"2026-07-20T08:50:36Z","2026-07-23T19:00:00Z","2026-07-23T20:00:00Z","37.399082"
"2026-07-20T08:50:36Z","2026-07-23T20:00:00Z","2026-07-23T21:00:00Z","38.772342"
"2026-07-20T08:50:36Z","2026-07-23T21:00:00Z","2026-07-23T22:00:00Z","39.735885"
"2026-07-20T08:50:36Z","2026-07-23T22:00:00Z","2026-07-23T23:00:00Z","39.644255"
"2026-07-20T08:50:36Z","2026-07-23T23:00:00Z","2026-07-24T00:00:00Z","39.140647"
"2026-07-20T08:50:36Z","2026-07-24T00:00:00Z","2026-07-24T01:00:00Z","38.57504"
"2026-07-20T08:50:36Z","2026-07-24T01:00:00Z","2026-07-24T02:00:00Z","38.295985"
"2026-07-20T08:50:36Z","2026-07-24T02:00:00Z","2026-07-24T03:00:00Z","37.867585"
"2026-07-20T08:50:36Z","2026-07-24T03:00:00Z","2026-07-24T04:00:00Z","37.70753"
"2026-07-20T08:50:36Z","2026-07-24T04:00:00Z","2026-07-24T05:00:00Z","37.997652"
"2026-07-20T08:50:36Z","2026-07-24T05:00:00Z","2026-07-24T06:00:00Z","38.260285"
"2026-07-20T08:50:36Z","2026-07-24T06:00:00Z","2026-07-24T07:00:00Z","38.486742"
"2026-07-20T08:50:36Z","2026-07-24T07:00:00Z","2026-07-24T08:00:00Z","38.957387"
"2026-07-20T08:50:36Z","2026-07-24T08:00:00Z","2026-07-24T09:00:00Z","38.224942"
"2026-07-20T08:50:36Z","2026-07-24T09:00:00Z","2026-07-24T10:00:00Z","36.855847"
"2026-07-20T08:50:36Z","2026-07-24T10:00:00Z","2026-07-24T11:00:00Z","34.21488"
"2026-07-20T08:50:36Z","2026-07-24T11:00:00Z","2026-07-24T12:00:00Z","31.54095"
"2026-07-20T08:50:36Z","2026-07-24T12:00:00Z","2026-07-24T13:00:00Z","28.517517"
"2026-07-20T08:50:36Z","2026-07-24T13:00:00Z","2026-07-24T14:00:00Z","25.382105"
"2026-07-20T08:50:36Z","2026-07-24T14:00:00Z","2026-07-24T15:00:00Z","24.771635"
"2026-07-20T08:50:36Z","2026-07-24T15:00:00Z","2026-07-24T16:00:00Z","27.050485"
"2026-07-20T08:50:36Z","2026-07-24T16:00:00Z","2026-07-24T17:00:00Z","30.27955"
"2026-07-20T08:50:36Z","2026-07-24T17:00:00Z","2026-07-24T18:00:00Z","33.023452"
"2026-07-20T08:50:36Z","2026-07-24T18:00:00Z","2026-07-24T19:00:00Z","36.465765"
"2026-07-20T08:50:36Z","2026-07-24T19:00:00Z","2026-07-24T20:00:00Z","39.06413"
"2026-07-20T08:50:36Z","2026-07-24T20:00:00Z","2026-07-24T21:00:00Z","40.844132"
"2026-07-20T08:50:36Z","2026-07-24T21:00:00Z","2026-07-24T22:00:00Z","41.77376"
"2026-07-20T19:39:07Z","2026-07-21T22:00:00Z","2026-07-21T23:00:00Z","40.755715"
"2026-07-20T19:39:07Z","2026-07-21T23:00:00Z","2026-07-22T00:00:00Z","39.259647"
"2026-07-20T19:39:07Z","2026-07-22T00:00:00Z","2026-07-22T01:00:00Z","38.771152"
"2026-07-20T19:39:07Z","2026-07-22T01:00:00Z","2026-07-22T02:00:00Z","38.261475"
"2026-07-20T19:39:07Z","2026-07-22T02:00:00Z","2026-07-22T03:00:00Z","37.214275"
"2026-07-20T19:39:07Z","2026-07-22T03:00:00Z","2026-07-22T04:00:00Z","36.178737"
"2026-07-20T19:39:07Z","2026-07-22T04:00:00Z","2026-07-22T05:00:00Z","36.22955"
"2026-07-20T19:39:07Z","2026-07-22T05:00:00Z","2026-07-22T06:00:00Z","36.81503"
"2026-07-20T19:39:07Z","2026-07-22T06:00:00Z","2026-07-22T07:00:00Z","38.151995"
"2026-07-20T19:39:07Z","2026-07-22T07:00:00Z","2026-07-22T08:00:00Z","38.442355"
"2026-07-20T19:39:07Z","2026-07-22T08:00:00Z","2026-07-22T09:00:00Z","37.039345"
"2026-07-20T19:39:07Z","2026-07-22T09:00:00Z","2026-07-22T10:00:00Z","33.807305"
"2026-07-20T19:39:07Z","2026-07-22T10:00:00Z","2026-07-22T11:00:00Z","31.337222"
"2026-07-20T19:39:07Z","2026-07-22T11:00:00Z","2026-07-22T12:00:00Z","26.767622"
"2026-07-20T19:39:07Z","2026-07-22T12:00:00Z","2026-07-22T13:00:00Z","22.423527"
"2026-07-20T19:39:07Z","2026-07-22T13:00:00Z","2026-07-22T14:00:00Z","20.919962"
"2026-07-20T19:39:07Z","2026-07-22T14:00:00Z","2026-07-22T15:00:00Z","20.773592"
"2026-07-20T19:39:07Z","2026-07-22T15:00:00Z","2026-07-22T16:00:00Z","20.97732"
"2026-07-20T19:39:07Z","2026-07-22T16:00:00Z","2026-07-22T17:00:00Z","22.340465"
"2026-07-20T19:39:07Z","2026-07-22T17:00:00Z","2026-07-22T18:00:00Z","27.18198"
"2026-07-20T19:39:07Z","2026-07-22T18:00:00Z","2026-07-22T19:00:00Z","32.102987"
"2026-07-20T19:39:07Z","2026-07-22T19:00:00Z","2026-07-22T20:00:00Z","35.821142"
"2026-07-20T19:39:07Z","2026-07-22T20:00:00Z","2026-07-22T21:00:00Z","37.916732"
"2026-07-20T19:39:07Z","2026-07-22T21:00:00Z","2026-07-22T22:00:00Z","38.727955"
"2026-07-20T19:39:07Z","2026-07-22T22:00:00Z","2026-07-22T23:00:00Z","38.916927"
"2026-07-20T19:39:07Z","2026-07-22T23:00:00Z","2026-07-23T00:00:00Z","38.295747"
"2026-07-20T19:39:07Z","2026-07-23T00:00:00Z","2026-07-23T01:00:00Z","36.977465"
"2026-07-20T19:39:07Z","2026-07-23T01:00:00Z","2026-07-23T02:00:00Z","36.225385"
"2026-07-20T19:39:07Z","2026-07-23T02:00:00Z","2026-07-23T03:00:00Z","35.288855"
"2026-07-20T19:39:07Z","2026-07-23T03:00:00Z","2026-07-23T04:00:00Z","35.275527"
"2026-07-20T19:39:07Z","2026-07-23T04:00:00Z","2026-07-23T05:00:00Z","35.518882"
"2026-07-20T19:39:07Z","2026-07-23T05:00:00Z","2026-07-23T06:00:00Z","35.89635"
"2026-07-20T19:39:07Z","2026-07-23T06:00:00Z","2026-07-23T07:00:00Z","37.214037"
"2026-07-20T19:39:07Z","2026-07-23T07:00:00Z","2026-07-23T08:00:00Z","38.28825"
"2026-07-20T19:39:07Z","2026-07-23T08:00:00Z","2026-07-23T09:00:00Z","36.95545"
"2026-07-20T19:39:07Z","2026-07-23T09:00:00Z","2026-07-23T10:00:00Z","35.492345"
"2026-07-20T19:39:07Z","2026-07-23T10:00:00Z","2026-07-23T11:00:00Z","32.62861"
"2026-07-20T19:39:07Z","2026-07-23T11:00:00Z","2026-07-23T12:00:00Z","30.448292"
"2026-07-20T19:39:07Z","2026-07-23T12:00:00Z","2026-07-23T13:00:00Z","26.749772"
"2026-07-20T19:39:07Z","2026-07-23T13:00:00Z","2026-07-23T14:00:00Z","22.69806"
"2026-07-20T19:39:07Z","2026-07-23T14:00:00Z","2026-07-23T15:00:00Z","21.895762"
"2026-07-20T19:39:07Z","2026-07-23T15:00:00Z","2026-07-23T16:00:00Z","22.50052"
"2026-07-20T19:39:07Z","2026-07-23T16:00:00Z","2026-07-23T17:00:00Z","26.149655"
"2026-07-20T19:39:07Z","2026-07-23T17:00:00Z","2026-07-23T18:00:00Z","30.727585"
"2026-07-20T19:39:07Z","2026-07-23T18:00:00Z","2026-07-23T19:00:00Z","35.03122"
"2026-07-20T19:39:07Z","2026-07-23T19:00:00Z","2026-07-23T20:00:00Z","38.35608"
"2026-07-20T19:39:07Z","2026-07-23T20:00:00Z","2026-07-23T21:00:00Z","40.381222"
"2026-07-20T19:39:07Z","2026-07-23T21:00:00Z","2026-07-23T22:00:00Z","41.574197"
"2026-07-20T19:39:07Z","2026-07-23T22:00:00Z","2026-07-23T23:00:00Z","40.914342"
"2026-07-20T19:39:07Z","2026-07-23T23:00:00Z","2026-07-24T00:00:00Z","40.08753"
"2026-07-20T19:39:07Z","2026-07-24T00:00:00Z","2026-07-24T01:00:00Z","39.175752"
"2026-07-20T19:39:07Z","2026-07-24T01:00:00Z","2026-07-24T02:00:00Z","38.4013"
"2026-07-20T19:39:07Z","2026-07-24T02:00:00Z","2026-07-24T03:00:00Z","37.82534"
"2026-07-20T19:39:07Z","2026-07-24T03:00:00Z","2026-07-24T04:00:00Z","37.694797"
"2026-07-20T19:39:07Z","2026-07-24T04:00:00Z","2026-07-24T05:00:00Z","37.95981"
"2026-07-20T19:39:07Z","2026-07-24T05:00:00Z","2026-07-24T06:00:00Z","38.441522"
"2026-07-20T19:39:07Z","2026-07-24T06:00:00Z","2026-07-24T07:00:00Z","39.46516"
"2026-07-20T19:39:07Z","2026-07-24T07:00:00Z","2026-07-24T08:00:00Z","39.702922"
"2026-07-20T19:39:07Z","2026-07-24T08:00:00Z","2026-07-24T09:00:00Z","38.867185"
"2026-07-20T19:39:07Z","2026-07-24T09:00:00Z","2026-07-24T10:00:00Z","37.233315"
"2026-07-20T19:39:07Z","2026-07-24T10:00:00Z","2026-07-24T11:00:00Z","33.496715"
"2026-07-20T19:39:07Z","2026-07-24T11:00:00Z","2026-07-24T12:00:00Z","31.634127"
"2026-07-20T19:39:07Z","2026-07-24T12:00:00Z","2026-07-24T13:00:00Z","28.835247"
"2026-07-20T19:39:07Z","2026-07-24T13:00:00Z","2026-07-24T14:00:00Z","27.376307"
"2026-07-20T19:39:07Z","2026-07-24T14:00:00Z","2026-07-24T15:00:00Z","27.34739"
"2026-07-20T19:39:07Z","2026-07-24T15:00:00Z","2026-07-24T16:00:00Z","27.80554"
"2026-07-20T19:39:07Z","2026-07-24T16:00:00Z","2026-07-24T17:00:00Z","30.739485"
"2026-07-20T19:39:07Z","2026-07-24T17:00:00Z","2026-07-24T18:00:00Z","32.827935"
"2026-07-20T19:39:07Z","2026-07-24T18:00:00Z","2026-07-24T19:00:00Z","36.74006"
"2026-07-20T19:39:07Z","2026-07-24T19:00:00Z","2026-07-24T20:00:00Z","40.588877"
"2026-07-20T19:39:07Z","2026-07-24T20:00:00Z","2026-07-24T21:00:00Z","43.699537"
"2026-07-20T19:39:07Z","2026-07-24T21:00:00Z","2026-07-24T22:00:00Z","45.094455"
"2026-07-21T08:20:50Z","2026-07-21T22:00:00Z","2026-07-21T23:00:00Z","40.755715"
"2026-07-21T08:20:50Z","2026-07-21T23:00:00Z","2026-07-22T00:00:00Z","39.259647"
"2026-07-21T08:20:50Z","2026-07-22T00:00:00Z","2026-07-22T01:00:00Z","38.771152"
"2026-07-21T08:20:50Z","2026-07-22T01:00:00Z","2026-07-22T02:00:00Z","38.261475"
"2026-07-21T08:20:50Z","2026-07-22T02:00:00Z","2026-07-22T03:00:00Z","37.214275"
"2026-07-21T08:20:50Z","2026-07-22T03:00:00Z","2026-07-22T04:00:00Z","36.178737"
"2026-07-21T08:20:50Z","2026-07-22T04:00:00Z","2026-07-22T05:00:00Z","36.22955"
"2026-07-21T08:20:50Z","2026-07-22T05:00:00Z","2026-07-22T06:00:00Z","36.81503"
"2026-07-21T08:20:50Z","2026-07-22T06:00:00Z","2026-07-22T07:00:00Z","38.151995"
"2026-07-21T08:20:50Z","2026-07-22T07:00:00Z","2026-07-22T08:00:00Z","38.442355"
"2026-07-21T08:20:50Z","2026-07-22T08:00:00Z","2026-07-22T09:00:00Z","37.039345"
"2026-07-21T08:20:50Z","2026-07-22T09:00:00Z","2026-07-22T10:00:00Z","33.807305"
"2026-07-21T08:20:50Z","2026-07-22T10:00:00Z","2026-07-22T11:00:00Z","31.337222"
"2026-07-21T08:20:50Z","2026-07-22T11:00:00Z","2026-07-22T12:00:00Z","26.767622"
"2026-07-21T08:20:50Z","2026-07-22T12:00:00Z","2026-07-22T13:00:00Z","22.423527"
"2026-07-21T08:20:50Z","2026-07-22T13:00:00Z","2026-07-22T14:00:00Z","20.919962"
"2026-07-21T08:20:50Z","2026-07-22T14:00:00Z","2026-07-22T15:00:00Z","20.773592"
"2026-07-21T08:20:50Z","2026-07-22T15:00:00Z","2026-07-22T16:00:00Z","20.97732"
"2026-07-21T08:20:50Z","2026-07-22T16:00:00Z","2026-07-22T17:00:00Z","22.340465"
"2026-07-21T08:20:50Z","2026-07-22T17:00:00Z","2026-07-22T18:00:00Z","27.18198"
"2026-07-21T08:20:50Z","2026-07-22T18:00:00Z","2026-07-22T19:00:00Z","32.102987"
"2026-07-21T08:20:50Z","2026-07-22T19:00:00Z","2026-07-22T20:00:00Z","35.821142"
"2026-07-21T08:20:50Z","2026-07-22T20:00:00Z","2026-07-22T21:00:00Z","37.916732"
"2026-07-21T08:20:50Z","2026-07-22T21:00:00Z","2026-07-22T22:00:00Z","38.727955"
"2026-07-21T08:20:50Z","2026-07-22T22:00:00Z","2026-07-22T23:00:00Z","38.916927"
"2026-07-21T08:20:50Z","2026-07-22T23:00:00Z","2026-07-23T00:00:00Z","38.295747"
"2026-07-21T08:20:50Z","2026-07-23T00:00:00Z","2026-07-23T01:00:00Z","36.977465"
"2026-07-21T08:20:50Z","2026-07-23T01:00:00Z","2026-07-23T02:00:00Z","36.225385"
"2026-07-21T08:20:50Z","2026-07-23T02:00:00Z","2026-07-23T03:00:00Z","35.288855"
"2026-07-21T08:20:50Z","2026-07-23T03:00:00Z","2026-07-23T04:00:00Z","35.275527"
"2026-07-21T08:20:50Z","2026-07-23T04:00:00Z","2026-07-23T05:00:00Z","35.518882"
"2026-07-21T08:20:50Z","2026-07-23T05:00:00Z","2026-07-23T06:00:00Z","35.89635"
"2026-07-21T08:20:50Z","2026-07-23T06:00:00Z","2026-07-23T07:00:00Z","37.214037"
"2026-07-21T08:20:50Z","2026-07-23T07:00:00Z","2026-07-23T08:00:00Z","38.28825"
"2026-07-21T08:20:50Z","2026-07-23T08:00:00Z","2026-07-23T09:00:00Z","36.95545"
"2026-07-21T08:20:50Z","2026-07-23T09:00:00Z","2026-07-23T10:00:00Z","35.492345"
"2026-07-21T08:20:50Z","2026-07-23T10:00:00Z","2026-07-23T11:00:00Z","32.62861"
"2026-07-21T08:20:50Z","2026-07-23T11:00:00Z","2026-07-23T12:00:00Z","30.448292"
"2026-07-21T08:20:50Z","2026-07-23T12:00:00Z","2026-07-23T13:00:00Z","26.749772"
"2026-07-21T08:20:50Z","2026-07-23T13:00:00Z","2026-07-23T14:00:00Z","22.69806"
"2026-07-21T08:20:50Z","2026-07-23T14:00:00Z","2026-07-23T15:00:00Z","21.895762"
"2026-07-21T08:20:50Z","2026-07-23T15:00:00Z","2026-07-23T16:00:00Z","22.50052"
"2026-07-21T08:20:50Z","2026-07-23T16:00:00Z","2026-07-23T17:00:00Z","26.149655"
"2026-07-21T08:20:50Z","2026-07-23T17:00:00Z","2026-07-23T18:00:00Z","30.727585"
"2026-07-21T08:20:50Z","2026-07-23T18:00:00Z","2026-07-23T19:00:00Z","35.03122"
"2026-07-21T08:20:50Z","2026-07-23T19:00:00Z","2026-07-23T20:00:00Z","38.35608"
"2026-07-21T08:20:50Z","2026-07-23T20:00:00Z","2026-07-23T21:00:00Z","40.381222"
"2026-07-21T08:20:50Z","2026-07-23T21:00:00Z","2026-07-23T22:00:00Z","41.574197"
"2026-07-21T08:20:50Z","2026-07-23T22:00:00Z","2026-07-23T23:00:00Z","40.914342"
"2026-07-21T08:20:50Z","2026-07-23T23:00:00Z","2026-07-24T00:00:00Z","40.08753"
"2026-07-21T08:20:50Z","2026-07-24T00:00:00Z","2026-07-24T01:00:00Z","39.175752"
"2026-07-21T08:20:50Z","2026-07-24T01:00:00Z","2026-07-24T02:00:00Z","38.4013"
"2026-07-21T08:20:50Z","2026-07-24T02:00:00Z","2026-07-24T03:00:00Z","37.82534"
"2026-07-21T08:20:50Z","2026-07-24T03:00:00Z","2026-07-24T04:00:00Z","37.694797"
"2026-07-21T08:20:50Z","2026-07-24T04:00:00Z","2026-07-24T05:00:00Z","37.95981"
"2026-07-21T08:20:50Z","2026-07-24T05:00:00Z","2026-07-24T06:00:00Z","38.441522"
"2026-07-21T08:20:50Z","2026-07-24T06:00:00Z","2026-07-24T07:00:00Z","39.46516"
"2026-07-21T08:20:50Z","2026-07-24T07:00:00Z","2026-07-24T08:00:00Z","39.702922"
"2026-07-21T08:20:50Z","2026-07-24T08:00:00Z","2026-07-24T09:00:00Z","38.867185"
"2026-07-21T08:20:50Z","2026-07-24T09:00:00Z","2026-07-24T10:00:00Z","37.233315"
"2026-07-21T08:20:50Z","2026-07-24T10:00:00Z","2026-07-24T11:00:00Z","33.496715"
"2026-07-21T08:20:50Z","2026-07-24T11:00:00Z","2026-07-24T12:00:00Z","31.634127"
"2026-07-21T08:20:50Z","2026-07-24T12:00:00Z","2026-07-24T13:00:00Z","28.835247"
"2026-07-21T08:20:50Z","2026-07-24T13:00:00Z","2026-07-24T14:00:00Z","27.376307"
"2026-07-21T08:20:50Z","2026-07-24T14:00:00Z","2026-07-24T15:00:00Z","27.34739"
"2026-07-21T08:20:50Z","2026-07-24T15:00:00Z","2026-07-24T16:00:00Z","27.80554"
"2026-07-21T08:20:50Z","2026-07-24T16:00:00Z","2026-07-24T17:00:00Z","30.739485"
"2026-07-21T08:20:50Z","2026-07-24T17:00:00Z","2026-07-24T18:00:00Z","32.827935"
"2026-07-21T08:20:50Z","2026-07-24T18:00:00Z","2026-07-24T19:00:00Z","36.74006"
"2026-07-21T08:20:50Z","2026-07-24T19:00:00Z","2026-07-24T20:00:00Z","40.588877"
"2026-07-21T08:20:50Z","2026-07-24T20:00:00Z","2026-07-24T21:00:00Z","43.699537"
"2026-07-21T08:20:50Z","2026-07-24T21:00:00Z","2026-07-24T22:00:00Z","45.094455"
"2026-07-21T08:20:50Z","2026-07-24T22:00:00Z","2026-07-24T23:00:00Z","43.297555"
"2026-07-21T08:20:50Z","2026-07-24T23:00:00Z","2026-07-25T00:00:00Z","40.36599"
"2026-07-21T08:20:50Z","2026-07-25T00:00:00Z","2026-07-25T01:00:00Z","39.486937"
"2026-07-21T08:20:50Z","2026-07-25T01:00:00Z","2026-07-25T02:00:00Z","38.339182"
"2026-07-21T08:20:50Z","2026-07-25T02:00:00Z","2026-07-25T03:00:00Z","37.639462"
"2026-07-21T08:20:50Z","2026-07-25T03:00:00Z","2026-07-25T04:00:00Z","37.135497"
"2026-07-21T08:20:50Z","2026-07-25T04:00:00Z","2026-07-25T05:00:00Z","36.995315"
"2026-07-21T08:20:50Z","2026-07-25T05:00:00Z","2026-07-25T06:00:00Z","36.977227"
"2026-07-21T08:20:50Z","2026-07-25T06:00:00Z","2026-07-25T07:00:00Z","37.017687"
"2026-07-21T08:20:50Z","2026-07-25T07:00:00Z","2026-07-25T08:00:00Z","36.273342"
"2026-07-21T08:20:50Z","2026-07-25T08:00:00Z","2026-07-25T09:00:00Z","34.975885"
"2026-07-21T08:20:50Z","2026-07-25T09:00:00Z","2026-07-25T10:00:00Z","32.466175"
"2026-07-21T08:20:50Z","2026-07-25T10:00:00Z","2026-07-25T11:00:00Z","26.812842"
"2026-07-21T08:20:50Z","2026-07-25T11:00:00Z","2026-07-25T12:00:00Z","21.950145"
"2026-07-21T08:20:50Z","2026-07-25T12:00:00Z","2026-07-25T13:00:00Z","20.662327"
"2026-07-21T08:20:50Z","2026-07-25T13:00:00Z","2026-07-25T14:00:00Z","20.321035"
"2026-07-21T08:20:50Z","2026-07-25T14:00:00Z","2026-07-25T15:00:00Z","20.237378"
"2026-07-21T08:20:50Z","2026-07-25T15:00:00Z","2026-07-25T16:00:00Z","20.47157"
"2026-07-21T08:20:50Z","2026-07-25T16:00:00Z","2026-07-25T17:00:00Z","23.96898"
"2026-07-21T08:20:50Z","2026-07-25T17:00:00Z","2026-07-25T18:00:00Z","30.101645"
"2026-07-21T08:20:50Z","2026-07-25T18:00:00Z","2026-07-25T19:00:00Z","34.156927"
"2026-07-21T08:20:50Z","2026-07-25T19:00:00Z","2026-07-25T20:00:00Z","37.19226"
"2026-07-21T08:20:50Z","2026-07-25T20:00:00Z","2026-07-25T21:00:00Z","39.33069"
"2026-07-21T08:20:50Z","2026-07-25T21:00:00Z","2026-07-25T22:00:00Z","39.708277"
"2026-07-21T19:14:23Z","2026-07-22T22:00:00Z","2026-07-22T23:00:00Z","39.42351"
"2026-07-21T19:14:23Z","2026-07-22T23:00:00Z","2026-07-23T00:00:00Z","37.834027"
"2026-07-21T19:14:23Z","2026-07-23T00:00:00Z","2026-07-23T01:00:00Z","36.66985"
"2026-07-21T19:14:23Z","2026-07-23T01:00:00Z","2026-07-23T02:00:00Z","36.169217"
"2026-07-21T19:14:23Z","2026-07-23T02:00:00Z","2026-07-23T03:00:00Z","35.570052"
"2026-07-21T19:14:23Z","2026-07-23T03:00:00Z","2026-07-23T04:00:00Z","35.091672"
"2026-07-21T19:14:23Z","2026-07-23T04:00:00Z","2026-07-23T05:00:00Z","35.545895"
"2026-07-21T19:14:23Z","2026-07-23T05:00:00Z","2026-07-23T06:00:00Z","36.694007"
"2026-07-21T19:14:23Z","2026-07-23T06:00:00Z","2026-07-23T07:00:00Z","38.171392"
"2026-07-21T19:14:23Z","2026-07-23T07:00:00Z","2026-07-23T08:00:00Z","38.497452"
"2026-07-21T19:14:23Z","2026-07-23T08:00:00Z","2026-07-23T09:00:00Z","37.848307"
"2026-07-21T19:14:23Z","2026-07-23T09:00:00Z","2026-07-23T10:00:00Z","34.594252"
"2026-07-21T19:14:23Z","2026-07-23T10:00:00Z","2026-07-23T11:00:00Z","32.62266"
"2026-07-21T19:14:23Z","2026-07-23T11:00:00Z","2026-07-23T12:00:00Z","30.68296"
"2026-07-21T19:14:23Z","2026-07-23T12:00:00Z","2026-07-23T13:00:00Z","26.68337"
"2026-07-21T19:14:23Z","2026-07-23T13:00:00Z","2026-07-23T14:00:00Z","22.494927"
"2026-07-21T19:14:23Z","2026-07-23T14:00:00Z","2026-07-23T15:00:00Z","21.47593"
"2026-07-21T19:14:23Z","2026-07-23T15:00:00Z","2026-07-23T16:00:00Z","23.64411"
"2026-07-21T19:14:23Z","2026-07-23T16:00:00Z","2026-07-23T17:00:00Z","26.56675"
"2026-07-21T19:14:23Z","2026-07-23T17:00:00Z","2026-07-23T18:00:00Z","30.39141"
"2026-07-21T19:14:23Z","2026-07-23T18:00:00Z","2026-07-23T19:00:00Z","34.87057"
"2026-07-21T19:14:23Z","2026-07-23T19:00:00Z","2026-07-23T20:00:00Z","38.421887"
"2026-07-21T19:14:23Z","2026-07-23T20:00:00Z","2026-07-23T21:00:00Z","40.205102"
"2026-07-21T19:14:23Z","2026-07-23T21:00:00Z","2026-07-23T22:00:00Z","41.566105"
"2026-07-21T19:14:23Z","2026-07-23T22:00:00Z","2026-07-23T23:00:00Z","41.255515"
"2026-07-21T19:14:23Z","2026-07-23T23:00:00Z","2026-07-24T00:00:00Z","40.328505"
"2026-07-21T19:14:23Z","2026-07-24T00:00:00Z","2026-07-24T01:00:00Z","39.27476"
"2026-07-21T19:14:23Z","2026-07-24T01:00:00Z","2026-07-24T02:00:00Z","39.10935"
"2026-07-21T19:14:23Z","2026-07-24T02:00:00Z","2026-07-24T03:00:00Z","38.414152"
"2026-07-21T19:14:23Z","2026-07-24T03:00:00Z","2026-07-24T04:00:00Z","38.093685"
"2026-07-21T19:14:23Z","2026-07-24T04:00:00Z","2026-07-24T05:00:00Z","38.505425"
"2026-07-21T19:14:23Z","2026-07-24T05:00:00Z","2026-07-24T06:00:00Z","39.057347"
"2026-07-21T19:14:23Z","2026-07-24T06:00:00Z","2026-07-24T07:00:00Z","39.733505"
"2026-07-21T19:14:23Z","2026-07-24T07:00:00Z","2026-07-24T08:00:00Z","39.794195"
"2026-07-21T19:14:23Z","2026-07-24T08:00:00Z","2026-07-24T09:00:00Z","39.045685"
"2026-07-21T19:14:23Z","2026-07-24T09:00:00Z","2026-07-24T10:00:00Z","36.82455"
"2026-07-21T19:14:23Z","2026-07-24T10:00:00Z","2026-07-24T11:00:00Z","33.46042"
"2026-07-21T19:14:23Z","2026-07-24T11:00:00Z","2026-07-24T12:00:00Z","29.563527"
"2026-07-21T19:14:23Z","2026-07-24T12:00:00Z","2026-07-24T13:00:00Z","25.025105"
"2026-07-21T19:14:23Z","2026-07-24T13:00:00Z","2026-07-24T14:00:00Z","22.369025"
"2026-07-21T19:14:23Z","2026-07-24T14:00:00Z","2026-07-24T15:00:00Z","22.079617"
"2026-07-21T19:14:23Z","2026-07-24T15:00:00Z","2026-07-24T16:00:00Z","24.608605"
"2026-07-21T19:14:23Z","2026-07-24T16:00:00Z","2026-07-24T17:00:00Z","27.668452"
"2026-07-21T19:14:23Z","2026-07-24T17:00:00Z","2026-07-24T18:00:00Z","31.865225"
"2026-07-21T19:14:23Z","2026-07-24T18:00:00Z","2026-07-24T19:00:00Z","36.679965"
"2026-07-21T19:14:23Z","2026-07-24T19:00:00Z","2026-07-24T20:00:00Z","40.108712"
"2026-07-21T19:14:23Z","2026-07-24T20:00:00Z","2026-07-24T21:00:00Z","45.469305"
"2026-07-21T19:14:23Z","2026-07-24T21:00:00Z","2026-07-24T22:00:00Z","47.823125"
"2026-07-21T19:14:23Z","2026-07-24T22:00:00Z","2026-07-24T23:00:00Z","43.636705"
"2026-07-21T19:14:23Z","2026-07-24T23:00:00Z","2026-07-25T00:00:00Z","40.943497"
"2026-07-21T19:14:23Z","2026-07-25T00:00:00Z","2026-07-25T01:00:00Z","39.453022"
"2026-07-21T19:14:23Z","2026-07-25T01:00:00Z","2026-07-25T02:00:00Z","38.59051"
"2026-07-21T19:14:23Z","2026-07-25T02:00:00Z","2026-07-25T03:00:00Z","37.891147"
"2026-07-21T19:14:23Z","2026-07-25T03:00:00Z","2026-07-25T04:00:00Z","37.46715"
"2026-07-21T19:14:23Z","2026-07-25T04:00:00Z","2026-07-25T05:00:00Z","37.316377"
"2026-07-21T19:14:23Z","2026-07-25T05:00:00Z","2026-07-25T06:00:00Z","37.380875"
"2026-07-21T19:14:23Z","2026-07-25T06:00:00Z","2026-07-25T07:00:00Z","37.155727"
"2026-07-21T19:14:23Z","2026-07-25T07:00:00Z","2026-07-25T08:00:00Z","36.33189"
"2026-07-21T19:14:23Z","2026-07-25T08:00:00Z","2026-07-25T09:00:00Z","34.33983"
"2026-07-21T19:14:23Z","2026-07-25T09:00:00Z","2026-07-25T10:00:00Z","30.607395"
"2026-07-21T19:14:23Z","2026-07-25T10:00:00Z","2026-07-25T11:00:00Z","24.797577"
"2026-07-21T19:14:23Z","2026-07-25T11:00:00Z","2026-07-25T12:00:00Z","20.935075"
"2026-07-21T19:14:23Z","2026-07-25T12:00:00Z","2026-07-25T13:00:00Z","20.35138"
"2026-07-21T19:14:23Z","2026-07-25T13:00:00Z","2026-07-25T14:00:00Z","20.055308"
"2026-07-21T19:14:23Z","2026-07-25T14:00:00Z","2026-07-25T15:00:00Z","19.94083"
"2026-07-21T19:14:23Z","2026-07-25T15:00:00Z","2026-07-25T16:00:00Z","20.397195"
"2026-07-21T19:14:23Z","2026-07-25T16:00:00Z","2026-07-25T17:00:00Z","21.219247"
"2026-07-21T19:14:23Z","2026-07-25T17:00:00Z","2026-07-25T18:00:00Z","27.168057"
"2026-07-21T19:14:23Z","2026-07-25T18:00:00Z","2026-07-25T19:00:00Z","32.479622"
"2026-07-21T19:14:23Z","2026-07-25T19:00:00Z","2026-07-25T20:00:00Z","36.796585"
"2026-07-21T19:14:23Z","2026-07-25T20:00:00Z","2026-07-25T21:00:00Z","39.083765"
"2026-07-21T19:14:23Z","2026-07-25T21:00:00Z","2026-07-25T22:00:00Z","39.358655"
"2026-07-22T08:21:15Z","2026-07-22T22:00:00Z","2026-07-22T23:00:00Z","39.42351"
"2026-07-22T08:21:15Z","2026-07-22T23:00:00Z","2026-07-23T00:00:00Z","37.834027"
"2026-07-22T08:21:15Z","2026-07-23T00:00:00Z","2026-07-23T01:00:00Z","36.66985"
"2026-07-22T08:21:15Z","2026-07-23T01:00:00Z","2026-07-23T02:00:00Z","36.169217"
"2026-07-22T08:21:15Z","2026-07-23T02:00:00Z","2026-07-23T03:00:00Z","35.570052"
"2026-07-22T08:21:15Z","2026-07-23T03:00:00Z","2026-07-23T04:00:00Z","35.091672"
"2026-07-22T08:21:15Z","2026-07-23T04:00:00Z","2026-07-23T05:00:00Z","35.545895"
"2026-07-22T08:21:15Z","2026-07-23T05:00:00Z","2026-07-23T06:00:00Z","36.694007"
"2026-07-22T08:21:15Z","2026-07-23T06:00:00Z","2026-07-23T07:00:00Z","38.171392"
"2026-07-22T08:21:15Z","2026-07-23T07:00:00Z","2026-07-23T08:00:00Z","38.497452"
"2026-07-22T08:21:15Z","2026-07-23T08:00:00Z","2026-07-23T09:00:00Z","37.848307"
"2026-07-22T08:21:15Z","2026-07-23T09:00:00Z","2026-07-23T10:00:00Z","34.594252"
"2026-07-22T08:21:15Z","2026-07-23T10:00:00Z","2026-07-23T11:00:00Z","32.62266"
"2026-07-22T08:21:15Z","2026-07-23T11:00:00Z","2026-07-23T12:00:00Z","30.68296"
"2026-07-22T08:21:15Z","2026-07-23T12:00:00Z","2026-07-23T13:00:00Z","26.68337"
"2026-07-22T08:21:15Z","2026-07-23T13:00:00Z","2026-07-23T14:00:00Z","22.494927"
"2026-07-22T08:21:15Z","2026-07-23T14:00:00Z","2026-07-23T15:00:00Z","21.47593"
"2026-07-22T08:21:15Z","2026-07-23T15:00:00Z","2026-07-23T16:00:00Z","23.64411"
"2026-07-22T08:21:15Z","2026-07-23T16:00:00Z","2026-07-23T17:00:00Z","26.56675"
"2026-07-22T08:21:15Z","2026-07-23T17:00:00Z","2026-07-23T18:00:00Z","30.39141"
"2026-07-22T08:21:15Z","2026-07-23T18:00:00Z","2026-07-23T19:00:00Z","34.87057"
"2026-07-22T08:21:15Z","2026-07-23T19:00:00Z","2026-07-23T20:00:00Z","38.421887"
"2026-07-22T08:21:15Z","2026-07-23T20:00:00Z","2026-07-23T21:00:00Z","40.205102"
"2026-07-22T08:21:15Z","2026-07-23T21:00:00Z","2026-07-23T22:00:00Z","41.566105"
"2026-07-22T08:21:15Z","2026-07-23T22:00:00Z","2026-07-23T23:00:00Z","41.255515"
"2026-07-22T08:21:15Z","2026-07-23T23:00:00Z","2026-07-24T00:00:00Z","40.328505"
"2026-07-22T08:21:15Z","2026-07-24T00:00:00Z","2026-07-24T01:00:00Z","39.27476"
"2026-07-22T08:21:15Z","2026-07-24T01:00:00Z","2026-07-24T02:00:00Z","39.10935"
"2026-07-22T08:21:15Z","2026-07-24T02:00:00Z","2026-07-24T03:00:00Z","38.414152"
"2026-07-22T08:21:15Z","2026-07-24T03:00:00Z","2026-07-24T04:00:00Z","38.093685"
"2026-07-22T08:21:15Z","2026-07-24T04:00:00Z","2026-07-24T05:00:00Z","38.505425"
"2026-07-22T08:21:15Z","2026-07-24T05:00:00Z","2026-07-24T06:00:00Z","39.057347"
"2026-07-22T08:21:15Z","2026-07-24T06:00:00Z","2026-07-24T07:00:00Z","39.733505"
"2026-07-22T08:21:15Z","2026-07-24T07:00:00Z","2026-07-24T08:00:00Z","39.794195"
"2026-07-22T08:21:15Z","2026-07-24T08:00:00Z","2026-07-24T09:00:00Z","39.045685"
"2026-07-22T08:21:15Z","2026-07-24T09:00:00Z","2026-07-24T10:00:00Z","36.82455"
"2026-07-22T08:21:15Z","2026-07-24T10:00:00Z","2026-07-24T11:00:00Z","33.46042"
"2026-07-22T08:21:15Z","2026-07-24T11:00:00Z","2026-07-24T12:00:00Z","29.563527"
"2026-07-22T08:21:15Z","2026-07-24T12:00:00Z","2026-07-24T13:00:00Z","25.025105"
"2026-07-22T08:21:15Z","2026-07-24T13:00:00Z","2026-07-24T14:00:00Z","22.369025"
"2026-07-22T08:21:15Z","2026-07-24T14:00:00Z","2026-07-24T15:00:00Z","22.079617"
"2026-07-22T08:21:15Z","2026-07-24T15:00:00Z","2026-07-24T16:00:00Z","24.608605"
"2026-07-22T08:21:15Z","2026-07-24T16:00:00Z","2026-07-24T17:00:00Z","27.668452"
"2026-07-22T08:21:15Z","2026-07-24T17:00:00Z","2026-07-24T18:00:00Z","31.865225"
"2026-07-22T08:21:15Z","2026-07-24T18:00:00Z","2026-07-24T19:00:00Z","36.679965"
"2026-07-22T08:21:15Z","2026-07-24T19:00:00Z","2026-07-24T20:00:00Z","40.108712"
"2026-07-22T08:21:15Z","2026-07-24T20:00:00Z","2026-07-24T21:00:00Z","45.469305"
"2026-07-22T08:21:15Z","2026-07-24T21:00:00Z","2026-07-24T22:00:00Z","47.823125"
"2026-07-22T08:21:15Z","2026-07-24T22:00:00Z","2026-07-24T23:00:00Z","43.636705"
"2026-07-22T08:21:15Z","2026-07-24T23:00:00Z","2026-07-25T00:00:00Z","40.943497"
"2026-07-22T08:21:15Z","2026-07-25T00:00:00Z","2026-07-25T01:00:00Z","39.453022"
"2026-07-22T08:21:15Z","2026-07-25T01:00:00Z","2026-07-25T02:00:00Z","38.59051"
"2026-07-22T08:21:15Z","2026-07-25T02:00:00Z","2026-07-25T03:00:00Z","37.891147"
"2026-07-22T08:21:15Z","2026-07-25T03:00:00Z","2026-07-25T04:00:00Z","37.46715"
"2026-07-22T08:21:15Z","2026-07-25T04:00:00Z","2026-07-25T05:00:00Z","37.316377"
"2026-07-22T08:21:15Z","2026-07-25T05:00:00Z","2026-07-25T06:00:00Z","37.380875"
"2026-07-22T08:21:15Z","2026-07-25T06:00:00Z","2026-07-25T07:00:00Z","37.155727"
"2026-07-22T08:21:15Z","2026-07-25T07:00:00Z","2026-07-25T08:00:00Z","36.33189"
"2026-07-22T08:21:15Z","2026-07-25T08:00:00Z","2026-07-25T09:00:00Z","34.33983"
"2026-07-22T08:21:15Z","2026-07-25T09:00:00Z","2026-07-25T10:00:00Z","30.607395"
"2026-07-22T08:21:15Z","2026-07-25T10:00:00Z","2026-07-25T11:00:00Z","24.797577"
"2026-07-22T08:21:15Z","2026-07-25T11:00:00Z","2026-07-25T12:00:00Z","20.935075"
"2026-07-22T08:21:15Z","2026-07-25T12:00:00Z","2026-07-25T13:00:00Z","20.35138"
"2026-07-22T08:21:15Z","2026-07-25T13:00:00Z","2026-07-25T14:00:00Z","20.055308"
"2026-07-22T08:21:15Z","2026-07-25T14:00:00Z","2026-07-25T15:00:00Z","19.94083"
"2026-07-22T08:21:15Z","2026-07-25T15:00:00Z","2026-07-25T16:00:00Z","20.397195"
"2026-07-22T08:21:15Z","2026-07-25T16:00:00Z","2026-07-25T17:00:00Z","21.219247"
"2026-07-22T08:21:15Z","2026-07-25T17:00:00Z","2026-07-25T18:00:00Z","27.168057"
"2026-07-22T08:21:15Z","2026-07-25T18:00:00Z","2026-07-25T19:00:00Z","32.479622"
"2026-07-22T08:21:15Z","2026-07-25T19:00:00Z","2026-07-25T20:00:00Z","36.796585"
"2026-07-22T08:21:15Z","2026-07-25T20:00:00Z","2026-07-25T21:00:00Z","39.083765"
"2026-07-22T08:21:15Z","2026-07-25T21:00:00Z","2026-07-25T22:00:00Z","39.358655"
"2026-07-22T08:21:15Z","2026-07-25T22:00:00Z","2026-07-25T23:00:00Z","39.283685"
"2026-07-22T08:21:15Z","2026-07-25T23:00:00Z","2026-07-26T00:00:00Z","38.66667"
"2026-07-22T08:21:15Z","2026-07-26T00:00:00Z","2026-07-26T01:00:00Z","37.631727"
"2026-07-22T08:21:15Z","2026-07-26T01:00:00Z","2026-07-26T02:00:00Z","36.83645"
"2026-07-22T08:21:15Z","2026-07-26T02:00:00Z","2026-07-26T03:00:00Z","36.02487"
"2026-07-22T08:21:15Z","2026-07-26T03:00:00Z","2026-07-26T04:00:00Z","35.43701"
"2026-07-22T08:21:15Z","2026-07-26T04:00:00Z","2026-07-26T05:00:00Z","35.343357"
"2026-07-22T08:21:15Z","2026-07-26T05:00:00Z","2026-07-26T06:00:00Z","34.66113"
"2026-07-22T08:21:15Z","2026-07-26T06:00:00Z","2026-07-26T07:00:00Z","34.150025"
"2026-07-22T08:21:15Z","2026-07-26T07:00:00Z","2026-07-26T08:00:00Z","33.12841"
"2026-07-22T08:21:15Z","2026-07-26T08:00:00Z","2026-07-26T09:00:00Z","32.088112"
"2026-07-22T08:21:15Z","2026-07-26T09:00:00Z","2026-07-26T10:00:00Z","29.214262"
"2026-07-22T08:21:15Z","2026-07-26T10:00:00Z","2026-07-26T11:00:00Z","25.887617"
"2026-07-22T08:21:15Z","2026-07-26T11:00:00Z","2026-07-26T12:00:00Z","23.126222"
"2026-07-22T08:21:15Z","2026-07-26T12:00:00Z","2026-07-26T13:00:00Z","21.254352"
"2026-07-22T08:21:15Z","2026-07-26T13:00:00Z","2026-07-26T14:00:00Z","20.513577"
"2026-07-22T08:21:15Z","2026-07-26T14:00:00Z","2026-07-26T15:00:00Z","20.392673"
"2026-07-22T08:21:15Z","2026-07-26T15:00:00Z","2026-07-26T16:00:00Z","21.169505"
"2026-07-22T08:21:15Z","2026-07-26T16:00:00Z","2026-07-26T17:00:00Z","23.663507"
"2026-07-22T08:21:15Z","2026-07-26T17:00:00Z","2026-07-26T18:00:00Z","27.9531"
"2026-07-22T08:21:15Z","2026-07-26T18:00:00Z","2026-07-26T19:00:00Z","32.059552"
"2026-07-22T08:21:15Z","2026-07-26T19:00:00Z","2026-07-26T20:00:00Z","34.563312"
"2026-07-22T08:21:15Z","2026-07-26T20:00:00Z","2026-07-26T21:00:00Z","36.91499"
"2026-07-22T08:21:15Z","2026-07-26T21:00:00Z","2026-07-26T22:00:00Z","38.179722"
"2026-07-22T19:08:43Z","2026-07-23T22:00:00Z","2026-07-23T23:00:00Z","42.87213"
"2026-07-22T19:08:43Z","2026-07-23T23:00:00Z","2026-07-24T00:00:00Z","41.12997"
"2026-07-22T19:08:43Z","2026-07-24T00:00:00Z","2026-07-24T01:00:00Z","40.106332"
"2026-07-22T19:08:43Z","2026-07-24T01:00:00Z","2026-07-24T02:00:00Z","39.40328"
"2026-07-22T19:08:43Z","2026-07-24T02:00:00Z","2026-07-24T03:00:00Z","38.754492"
"2026-07-22T19:08:43Z","2026-07-24T03:00:00Z","2026-07-24T04:00:00Z","38.413795"
"2026-07-22T19:08:43Z","2026-07-24T04:00:00Z","2026-07-24T05:00:00Z","38.614905"
"2026-07-22T19:08:43Z","2026-07-24T05:00:00Z","2026-07-24T06:00:00Z","39.211095"
"2026-07-22T19:08:43Z","2026-07-24T06:00:00Z","2026-07-24T07:00:00Z","39.859645"
"2026-07-22T19:08:43Z","2026-07-24T07:00:00Z","2026-07-24T08:00:00Z","39.74124"
"2026-07-22T19:08:43Z","2026-07-24T08:00:00Z","2026-07-24T09:00:00Z","38.524822"
"2026-07-22T19:08:43Z","2026-07-24T09:00:00Z","2026-07-24T10:00:00Z","36.209915"
"2026-07-22T19:08:43Z","2026-07-24T10:00:00Z","2026-07-24T11:00:00Z","32.815202"
"2026-07-22T19:08:43Z","2026-07-24T11:00:00Z","2026-07-24T12:00:00Z","29.277927"
"2026-07-22T19:08:43Z","2026-07-24T12:00:00Z","2026-07-24T13:00:00Z","23.906862"
"2026-07-22T19:08:43Z","2026-07-24T13:00:00Z","2026-07-24T14:00:00Z","21.684775"
"2026-07-22T19:08:43Z","2026-07-24T14:00:00Z","2026-07-24T15:00:00Z","21.491995"
"2026-07-22T19:08:43Z","2026-07-24T15:00:00Z","2026-07-24T16:00:00Z","22.30417"
"2026-07-22T19:08:43Z","2026-07-24T16:00:00Z","2026-07-24T17:00:00Z","27.486382"
"2026-07-22T19:08:43Z","2026-07-24T17:00:00Z","2026-07-24T18:00:00Z","31.42433"
"2026-07-22T19:08:43Z","2026-07-24T18:00:00Z","2026-07-24T19:00:00Z","35.930265"
"2026-07-22T19:08:43Z","2026-07-24T19:00:00Z","2026-07-24T20:00:00Z","39.42589"
"2026-07-22T19:08:43Z","2026-07-24T20:00:00Z","2026-07-24T21:00:00Z","41.523265"
"2026-07-22T19:08:43Z","2026-07-24T21:00:00Z","2026-07-24T22:00:00Z","42.296527"
"2026-07-22T19:08:43Z","2026-07-24T22:00:00Z","2026-07-24T23:00:00Z","41.714617"
"2026-07-22T19:08:43Z","2026-07-24T23:00:00Z","2026-07-25T00:00:00Z","40.718825"
"2026-07-22T19:08:43Z","2026-07-25T00:00:00Z","2026-07-25T01:00:00Z","39.662105"
"2026-07-22T19:08:43Z","2026-07-25T01:00:00Z","2026-07-25T02:00:00Z","38.60598"
"2026-07-22T19:08:43Z","2026-07-25T02:00:00Z","2026-07-25T03:00:00Z","37.82891"
"2026-07-22T19:08:43Z","2026-07-25T03:00:00Z","2026-07-25T04:00:00Z","37.153347"
"2026-07-22T19:08:43Z","2026-07-25T04:00:00Z","2026-07-25T05:00:00Z","36.498847"
"2026-07-22T19:08:43Z","2026-07-25T05:00:00Z","2026-07-25T06:00:00Z","36.26882"
"2026-07-22T19:08:43Z","2026-07-25T06:00:00Z","2026-07-25T07:00:00Z","36.091867"
"2026-07-22T19:08:43Z","2026-07-25T07:00:00Z","2026-07-25T08:00:00Z","35.032767"
"2026-07-22T19:08:43Z","2026-07-25T08:00:00Z","2026-07-25T09:00:00Z","33.491955"
"2026-07-22T19:08:43Z","2026-07-25T09:00:00Z","2026-07-25T10:00:00Z","29.669437"
"2026-07-22T19:08:43Z","2026-07-25T10:00:00Z","2026-07-25T11:00:00Z","23.511425"
"2026-07-22T19:08:43Z","2026-07-25T11:00:00Z","2026-07-25T12:00:00Z","20.811672"
"2026-07-22T19:08:43Z","2026-07-25T12:00:00Z","2026-07-25T13:00:00Z","20.075538"
"2026-07-22T19:08:43Z","2026-07-25T13:00:00Z","2026-07-25T14:00:00Z","19.427583"
"2026-07-22T19:08:43Z","2026-07-25T14:00:00Z","2026-07-25T15:00:00Z","19.203625"
"2026-07-22T19:08:43Z","2026-07-25T15:00:00Z","2026-07-25T16:00:00Z","19.627265"
"2026-07-22T19:08:43Z","2026-07-25T16:00:00Z","2026-07-25T17:00:00Z","20.27403"
"2026-07-22T19:08:43Z","2026-07-25T17:00:00Z","2026-07-25T18:00:00Z","23.098495"
"2026-07-22T19:08:43Z","2026-07-25T18:00:00Z","2026-07-25T19:00:00Z","30.152577"
"2026-07-22T19:08:43Z","2026-07-25T19:00:00Z","2026-07-25T20:00:00Z","35.242207"
"2026-07-22T19:08:43Z","2026-07-25T20:00:00Z","2026-07-25T21:00:00Z","38.004435"
"2026-07-22T19:08:43Z","2026-07-25T21:00:00Z","2026-07-25T22:00:00Z","38.971072"
"2026-07-22T19:08:43Z","2026-07-25T22:00:00Z","2026-07-25T23:00:00Z","38.847907"
"2026-07-22T19:08:43Z","2026-07-25T23:00:00Z","2026-07-26T00:00:00Z","37.869132"
"2026-07-22T19:08:43Z","2026-07-26T00:00:00Z","2026-07-26T01:00:00Z","37.044105"
"2026-07-22T19:08:43Z","2026-07-26T01:00:00Z","2026-07-26T02:00:00Z","36.139467"
"2026-07-22T19:08:43Z","2026-07-26T02:00:00Z","2026-07-26T03:00:00Z","35.283262"
"2026-07-22T19:08:43Z","2026-07-26T03:00:00Z","2026-07-26T04:00:00Z","34.816425"
"2026-07-22T19:08:43Z","2026-07-26T04:00:00Z","2026-07-26T05:00:00Z","34.287232"
"2026-07-22T19:08:43Z","2026-07-26T05:00:00Z","2026-07-26T06:00:00Z","33.59727"
"2026-07-22T19:08:43Z","2026-07-26T06:00:00Z","2026-07-26T07:00:00Z","32.935392"
"2026-07-22T19:08:43Z","2026-07-26T07:00:00Z","2026-07-26T08:00:00Z","32.013737"
"2026-07-22T19:08:43Z","2026-07-26T08:00:00Z","2026-07-26T09:00:00Z","30.030245"
"2026-07-22T19:08:43Z","2026-07-26T09:00:00Z","2026-07-26T10:00:00Z","24.329907"
"2026-07-22T19:08:43Z","2026-07-26T10:00:00Z","2026-07-26T11:00:00Z","21.466172"
"2026-07-22T19:08:43Z","2026-07-26T11:00:00Z","2026-07-26T12:00:00Z","20.180258"
"2026-07-22T19:08:43Z","2026-07-26T12:00:00Z","2026-07-26T13:00:00Z","20.224645"
"2026-07-22T19:08:43Z","2026-07-26T13:00:00Z","2026-07-26T14:00:00Z","20.033293"
"2026-07-22T19:08:43Z","2026-07-26T14:00:00Z","2026-07-26T15:00:00Z","19.919648"
"2026-07-22T19:08:43Z","2026-07-26T15:00:00Z","2026-07-26T16:00:00Z","19.974745"
"2026-07-22T19:08:43Z","2026-07-26T16:00:00Z","2026-07-26T17:00:00Z","20.564747"
"2026-07-22T19:08:43Z","2026-07-26T17:00:00Z","2026-07-26T18:00:00Z","22.587985"
"2026-07-22T19:08:43Z","2026-07-26T18:00:00Z","2026-07-26T19:00:00Z","28.637112"
"2026-07-22T19:08:43Z","2026-07-26T19:00:00Z","2026-07-26T20:00:00Z","32.828292"
"2026-07-22T19:08:43Z","2026-07-26T20:00:00Z","2026-07-26T21:00:00Z","34.950895"
"2026-07-22T19:08:43Z","2026-07-26T21:00:00Z","2026-07-26T22:00:00Z","37.15775"
"2026-07-23T08:23:30Z","2026-07-23T22:00:00Z","2026-07-23T23:00:00Z","42.87213"
"2026-07-23T08:23:30Z","2026-07-23T23:00:00Z","2026-07-24T00:00:00Z","41.12997"
"2026-07-23T08:23:30Z","2026-07-24T00:00:00Z","2026-07-24T01:00:00Z","40.106332"
"2026-07-23T08:23:30Z","2026-07-24T01:00:00Z","2026-07-24T02:00:00Z","39.40328"
"2026-07-23T08:23:30Z","2026-07-24T02:00:00Z","2026-07-24T03:00:00Z","38.754492"
"2026-07-23T08:23:30Z","2026-07-24T03:00:00Z","2026-07-24T04:00:00Z","38.413795"
"2026-07-23T08:23:30Z","2026-07-24T04:00:00Z","2026-07-24T05:00:00Z","38.614905"
"2026-07-23T08:23:30Z","2026-07-24T05:00:00Z","2026-07-24T06:00:00Z","39.211095"
"2026-07-23T08:23:30Z","2026-07-24T06:00:00Z","2026-07-24T07:00:00Z","39.859645"
"2026-07-23T08:23:30Z","2026-07-24T07:00:00Z","2026-07-24T08:00:00Z","39.74124"
"2026-07-23T08:23:30Z","2026-07-24T08:00:00Z","2026-07-24T09:00:00Z","38.524822"
"2026-07-23T08:23:30Z","2026-07-24T09:00:00Z","2026-07-24T10:00:00Z","36.209915"
"2026-07-23T08:23:30Z","2026-07-24T10:00:00Z","2026-07-24T11:00:00Z","32.815202"
"2026-07-23T08:23:30Z","2026-07-24T11:00:00Z","2026-07-24T12:00:00Z","29.277927"
"2026-07-23T08:23:30Z","2026-07-24T12:00:00Z","2026-07-24T13:00:00Z","23.906862"
"2026-07-23T08:23:30Z","2026-07-24T13:00:00Z","2026-07-24T14:00:00Z","21.684775"
"2026-07-23T08:23:30Z","2026-07-24T14:00:00Z","2026-07-24T15:00:00Z","21.491995"
"2026-07-23T08:23:30Z","2026-07-24T15:00:00Z","2026-07-24T16:00:00Z","22.30417"
"2026-07-23T08:23:30Z","2026-07-24T16:00:00Z","2026-07-24T17:00:00Z","27.486382"
"2026-07-23T08:23:30Z","2026-07-24T17:00:00Z","2026-07-24T18:00:00Z","31.42433"
"2026-07-23T08:23:30Z","2026-07-24T18:00:00Z","2026-07-24T19:00:00Z","35.930265"
"2026-07-23T08:23:30Z","2026-07-24T19:00:00Z","2026-07-24T20:00:00Z","39.42589"
"2026-07-23T08:23:30Z","2026-07-24T20:00:00Z","2026-07-24T21:00:00Z","41.523265"
"2026-07-23T08:23:30Z","2026-07-24T21:00:00Z","2026-07-24T22:00:00Z","42.296527"
"2026-07-23T08:23:30Z","2026-07-24T22:00:00Z","2026-07-24T23:00:00Z","41.714617"
"2026-07-23T08:23:30Z","2026-07-24T23:00:00Z","2026-07-25T00:00:00Z","40.718825"
"2026-07-23T08:23:30Z","2026-07-25T00:00:00Z","2026-07-25T01:00:00Z","39.662105"
"2026-07-23T08:23:30Z","2026-07-25T01:00:00Z","2026-07-25T02:00:00Z","38.60598"
"2026-07-23T08:23:30Z","2026-07-25T02:00:00Z","2026-07-25T03:00:00Z","37.82891"
"2026-07-23T08:23:30Z","2026-07-25T03:00:00Z","2026-07-25T04:00:00Z","37.153347"
"2026-07-23T08:23:30Z","2026-07-25T04:00:00Z","2026-07-25T05:00:00Z","36.498847"
"2026-07-23T08:23:30Z","2026-07-25T05:00:00Z","2026-07-25T06:00:00Z","36.26882"
"2026-07-23T08:23:30Z","2026-07-25T06:00:00Z","2026-07-25T07:00:00Z","36.091867"
"2026-07-23T08:23:30Z","2026-07-25T07:00:00Z","2026-07-25T08:00:00Z","35.032767"
"2026-07-23T08:23:30Z","2026-07-25T08:00:00Z","2026-07-25T09:00:00Z","33.491955"
"2026-07-23T08:23:30Z","2026-07-25T09:00:00Z","2026-07-25T10:00:00Z","29.669437"
"2026-07-23T08:23:30Z","2026-07-25T10:00:00Z","2026-07-25T11:00:00Z","23.511425"
"2026-07-23T08:23:30Z","2026-07-25T11:00:00Z","2026-07-25T12:00:00Z","20.811672"
"2026-07-23T08:23:30Z","2026-07-25T12:00:00Z","2026-07-25T13:00:00Z","20.075538"
"2026-07-23T08:23:30Z","2026-07-25T13:00:00Z","2026-07-25T14:00:00Z","19.427583"
"2026-07-23T08:23:30Z","2026-07-25T14:00:00Z","2026-07-25T15:00:00Z","19.203625"
"2026-07-23T08:23:30Z","2026-07-25T15:00:00Z","2026-07-25T16:00:00Z","19.627265"
"2026-07-23T08:23:30Z","2026-07-25T16:00:00Z","2026-07-25T17:00:00Z","20.27403"
"2026-07-23T08:23:30Z","2026-07-25T17:00:00Z","2026-07-25T18:00:00Z","23.098495"
"2026-07-23T08:23:30Z","2026-07-25T18:00:00Z","2026-07-25T19:00:00Z","30.152577"
"2026-07-23T08:23:30Z","2026-07-25T19:00:00Z","2026-07-25T20:00:00Z","35.242207"
"2026-07-23T08:23:30Z","2026-07-25T20:00:00Z","2026-07-25T21:00:00Z","38.004435"
"2026-07-23T08:23:30Z","2026-07-25T21:00:00Z","2026-07-25T22:00:00Z","38.971072"
"2026-07-23T08:23:30Z","2026-07-25T22:00:00Z","2026-07-25T23:00:00Z","38.847907"
"2026-07-23T08:23:30Z","2026-07-25T23:00:00Z","2026-07-26T00:00:00Z","37.869132"
"2026-07-23T08:23:30Z","2026-07-26T00:00:00Z","2026-07-26T01:00:00Z","37.044105"
"2026-07-23T08:23:30Z","2026-07-26T01:00:00Z","2026-07-26T02:00:00Z","36.139467"
"2026-07-23T08:23:30Z","2026-07-26T02:00:00Z","2026-07-26T03:00:00Z","35.283262"
"2026-07-23T08:23:30Z","2026-07-26T03:00:00Z","2026-07-26T04:00:00Z","34.816425"
"2026-07-23T08:23:30Z","2026-07-26T04:00:00Z","2026-07-26T05:00:00Z","34.287232"
"2026-07-23T08:23:30Z","2026-07-26T05:00:00Z","2026-07-26T06:00:00Z","33.59727"
"2026-07-23T08:23:30Z","2026-07-26T06:00:00Z","2026-07-26T07:00:00Z","32.935392"
"2026-07-23T08:23:30Z","2026-07-26T07:00:00Z","2026-07-26T08:00:00Z","32.013737"
"2026-07-23T08:23:30Z","2026-07-26T08:00:00Z","2026-07-26T09:00:00Z","30.030245"
"2026-07-23T08:23:30Z","2026-07-26T09:00:00Z","2026-07-26T10:00:00Z","24.329907"
"2026-07-23T08:23:30Z","2026-07-26T10:00:00Z","2026-07-26T11:00:00Z","21.466172"
"2026-07-23T08:23:30Z","2026-07-26T11:00:00Z","2026-07-26T12:00:00Z","20.180258"
"2026-07-23T08:23:30Z","2026-07-26T12:00:00Z","2026-07-26T13:00:00Z","20.224645"
"2026-07-23T08:23:30Z","2026-07-26T13:00:00Z","2026-07-26T14:00:00Z","20.033293"
"2026-07-23T08:23:30Z","2026-07-26T14:00:00Z","2026-07-26T15:00:00Z","19.919648"
"2026-07-23T08:23:30Z","2026-07-26T15:00:00Z","2026-07-26T16:00:00Z","19.974745"
"2026-07-23T08:23:30Z","2026-07-26T16:00:00Z","2026-07-26T17:00:00Z","20.564747"
"2026-07-23T08:23:30Z","2026-07-26T17:00:00Z","2026-07-26T18:00:00Z","22.587985"
"2026-07-23T08:23:30Z","2026-07-26T18:00:00Z","2026-07-26T19:00:00Z","28.637112"
"2026-07-23T08:23:30Z","2026-07-26T19:00:00Z","2026-07-26T20:00:00Z","32.828292"
"2026-07-23T08:23:30Z","2026-07-26T20:00:00Z","2026-07-26T21:00:00Z","34.950895"
"2026-07-23T08:23:30Z","2026-07-26T21:00:00Z","2026-07-26T22:00:00Z","37.15775"
"2026-07-23T08:23:30Z","2026-07-26T22:00:00Z","2026-07-26T23:00:00Z","37.428832"
"2026-07-23T08:23:30Z","2026-07-26T23:00:00Z","2026-07-27T00:00:00Z","36.74839"
"2026-07-23T08:23:30Z","2026-07-27T00:00:00Z","2026-07-27T01:00:00Z","36.034747"
"2026-07-23T08:23:30Z","2026-07-27T01:00:00Z","2026-07-27T02:00:00Z","35.08239"
"2026-07-23T08:23:30Z","2026-07-27T02:00:00Z","2026-07-27T03:00:00Z","33.628805"
"2026-07-23T08:23:30Z","2026-07-27T03:00:00Z","2026-07-27T04:00:00Z","32.79878"
"2026-07-23T08:23:30Z","2026-07-27T04:00:00Z","2026-07-27T05:00:00Z","32.436187"
"2026-07-23T08:23:30Z","2026-07-27T05:00:00Z","2026-07-27T06:00:00Z","33.495882"
"2026-07-23T08:23:30Z","2026-07-27T06:00:00Z","2026-07-27T07:00:00Z","35.464737"
"2026-07-23T08:23:30Z","2026-07-27T07:00:00Z","2026-07-27T08:00:00Z","36.596665"
"2026-07-23T08:23:30Z","2026-07-27T08:00:00Z","2026-07-27T09:00:00Z","35.82257"
"2026-07-23T08:23:30Z","2026-07-27T09:00:00Z","2026-07-27T10:00:00Z","33.168275"
"2026-07-23T08:23:30Z","2026-07-27T10:00:00Z","2026-07-27T11:00:00Z","28.894985"
"2026-07-23T08:23:30Z","2026-07-27T11:00:00Z","2026-07-27T12:00:00Z","24.079055"
"2026-07-23T08:23:30Z","2026-07-27T12:00:00Z","2026-07-27T13:00:00Z","21.504847"
"2026-07-23T08:23:30Z","2026-07-27T13:00:00Z","2026-07-27T14:00:00Z","20.597115"
"2026-07-23T08:23:30Z","2026-07-27T14:00:00Z","2026-07-27T15:00:00Z","20.58462"
"2026-07-23T08:23:30Z","2026-07-27T15:00:00Z","2026-07-27T16:00:00Z","21.121905"
"2026-07-23T08:23:30Z","2026-07-27T16:00:00Z","2026-07-27T17:00:00Z","22.082592"
"2026-07-23T08:23:30Z","2026-07-27T17:00:00Z","2026-07-27T18:00:00Z","25.466595"
"2026-07-23T08:23:30Z","2026-07-27T18:00:00Z","2026-07-27T19:00:00Z","31.679942"
"2026-07-23T08:23:30Z","2026-07-27T19:00:00Z","2026-07-27T20:00:00Z","36.543472"
"2026-07-23T08:23:30Z","2026-07-27T20:00:00Z","2026-07-27T21:00:00Z","38.266235"
"2026-07-23T08:23:30Z","2026-07-27T21:00:00Z","2026-07-27T22:00:00Z","38.979045"
"2026-07-23T19:08:26Z","2026-07-24T22:00:00Z","2026-07-24T23:00:00Z","43.885772"
"2026-07-23T19:08:26Z","2026-07-24T23:00:00Z","2026-07-25T00:00:00Z","42.260827"
"2026-07-23T19:08:26Z","2026-07-25T00:00:00Z","2026-07-25T01:00:00Z","39.962342"
"2026-07-23T19:08:26Z","2026-07-25T01:00:00Z","2026-07-25T02:00:00Z","38.992135"
"2026-07-23T19:08:26Z","2026-07-25T02:00:00Z","2026-07-25T03:00:00Z","38.39297"
"2026-07-23T19:08:26Z","2026-07-25T03:00:00Z","2026-07-25T04:00:00Z","37.889957"
"2026-07-23T19:08:26Z","2026-07-25T04:00:00Z","2026-07-25T05:00:00Z","37.729307"
"2026-07-23T19:08:26Z","2026-07-25T05:00:00Z","2026-07-25T06:00:00Z","37.477265"
"2026-07-23T19:08:26Z","2026-07-25T06:00:00Z","2026-07-25T07:00:00Z","37.110507"
"2026-07-23T19:08:26Z","2026-07-25T07:00:00Z","2026-07-25T08:00:00Z","35.93324"
"2026-07-23T19:08:26Z","2026-07-25T08:00:00Z","2026-07-25T09:00:00Z","34.03043"
"2026-07-23T19:08:26Z","2026-07-25T09:00:00Z","2026-07-25T10:00:00Z","30.382842"
"2026-07-23T19:08:26Z","2026-07-25T10:00:00Z","2026-07-25T11:00:00Z","24.156405"
"2026-07-23T19:08:26Z","2026-07-25T11:00:00Z","2026-07-25T12:00:00Z","21.650027"
"2026-07-23T19:08:26Z","2026-07-25T12:00:00Z","2026-07-25T13:00:00Z","20.359353"
"2026-07-23T19:08:26Z","2026-07-25T13:00:00Z","2026-07-25T14:00:00Z","19.077723"
"2026-07-23T19:08:26Z","2026-07-25T14:00:00Z","2026-07-25T15:00:00Z","18.873995"
"2026-07-23T19:08:26Z","2026-07-25T15:00:00Z","2026-07-25T16:00:00Z","19.63857"
"2026-07-23T19:08:26Z","2026-07-25T16:00:00Z","2026-07-25T17:00:00Z","20.419567"
"2026-07-23T19:08:26Z","2026-07-25T17:00:00Z","2026-07-25T18:00:00Z","22.986397"
"2026-07-23T19:08:26Z","2026-07-25T18:00:00Z","2026-07-25T19:00:00Z","30.245635"
"2026-07-23T19:08:26Z","2026-07-25T19:00:00Z","2026-07-25T20:00:00Z","35.39893"
"2026-07-23T19:08:26Z","2026-07-25T20:00:00Z","2026-07-25T21:00:00Z","38.075597"
"2026-07-23T19:08:26Z","2026-07-25T21:00:00Z","2026-07-25T22:00:00Z","39.407445"
"2026-07-23T19:08:26Z","2026-07-25T22:00:00Z","2026-07-25T23:00:00Z","39.54727"
"2026-07-23T19:08:26Z","2026-07-25T23:00:00Z","2026-07-26T00:00:00Z","38.736047"
"2026-07-23T19:08:26Z","2026-07-26T00:00:00Z","2026-07-26T01:00:00Z","37.910187"
"2026-07-23T19:08:26Z","2026-07-26T01:00:00Z","2026-07-26T02:00:00Z","36.688057"
"2026-07-23T19:08:26Z","2026-07-26T02:00:00Z","2026-07-26T03:00:00Z","35.7833"
"2026-07-23T19:08:26Z","2026-07-26T03:00:00Z","2026-07-26T04:00:00Z","35.586712"
"2026-07-23T19:08:26Z","2026-07-26T04:00:00Z","2026-07-26T05:00:00Z","35.457597"
"2026-07-23T19:08:26Z","2026-07-26T05:00:00Z","2026-07-26T06:00:00Z","35.196035"
"2026-07-23T19:08:26Z","2026-07-26T06:00:00Z","2026-07-26T07:00:00Z","35.228165"
"2026-07-23T19:08:26Z","2026-07-26T07:00:00Z","2026-07-26T08:00:00Z","35.164262"
"2026-07-23T19:08:26Z","2026-07-26T08:00:00Z","2026-07-26T09:00:00Z","33.54253"
"2026-07-23T19:08:26Z","2026-07-26T09:00:00Z","2026-07-26T10:00:00Z","30.89954"
"2026-07-23T19:08:26Z","2026-07-26T10:00:00Z","2026-07-26T11:00:00Z","26.03244"
"2026-07-23T19:08:26Z","2026-07-26T11:00:00Z","2026-07-26T12:00:00Z","22.519917"
"2026-07-23T19:08:26Z","2026-07-26T12:00:00Z","2026-07-26T13:00:00Z","21.320635"
"2026-07-23T19:08:26Z","2026-07-26T13:00:00Z","2026-07-26T14:00:00Z","20.815242"
"2026-07-23T19:08:26Z","2026-07-26T14:00:00Z","2026-07-26T15:00:00Z","20.718257"
"2026-07-23T19:08:26Z","2026-07-26T15:00:00Z","2026-07-26T16:00:00Z","20.962207"
"2026-07-23T19:08:26Z","2026-07-26T16:00:00Z","2026-07-26T17:00:00Z","21.744037"
"2026-07-23T19:08:26Z","2026-07-26T17:00:00Z","2026-07-26T18:00:00Z","27.639297"
"2026-07-23T19:08:26Z","2026-07-26T18:00:00Z","2026-07-26T19:00:00Z","33.172202"
"2026-07-23T19:08:26Z","2026-07-26T19:00:00Z","2026-07-26T20:00:00Z","37.363025"
"2026-07-23T19:08:26Z","2026-07-26T20:00:00Z","2026-07-26T21:00:00Z","39.049255"
"2026-07-23T19:08:26Z","2026-07-26T21:00:00Z","2026-07-26T22:00:00Z","39.39138"
"2026-07-23T19:08:26Z","2026-07-26T22:00:00Z","2026-07-26T23:00:00Z","39.243582"
"2026-07-23T19:08:26Z","2026-07-26T23:00:00Z","2026-07-27T00:00:00Z","38.597412"
"2026-07-23T19:08:26Z","2026-07-27T00:00:00Z","2026-07-27T01:00:00Z","38.211495"
"2026-07-23T19:08:26Z","2026-07-27T01:00:00Z","2026-07-27T02:00:00Z","37.600787"
"2026-07-23T19:08:26Z","2026-07-27T02:00:00Z","2026-07-27T03:00:00Z","36.815982"
"2026-07-23T19:08:26Z","2026-07-27T03:00:00Z","2026-07-27T04:00:00Z","35.93681"
"2026-07-23T19:08:26Z","2026-07-27T04:00:00Z","2026-07-27T05:00:00Z","35.984767"
"2026-07-23T19:08:26Z","2026-07-27T05:00:00Z","2026-07-27T06:00:00Z","37.203327"
"2026-07-23T19:08:26Z","2026-07-27T06:00:00Z","2026-07-27T07:00:00Z","38.674167"
"2026-07-23T19:08:26Z","2026-07-27T07:00:00Z","2026-07-27T08:00:00Z","39.252507"
"2026-07-23T19:08:26Z","2026-07-27T08:00:00Z","2026-07-27T09:00:00Z","38.506972"
"2026-07-23T19:08:26Z","2026-07-27T09:00:00Z","2026-07-27T10:00:00Z","35.743792"
"2026-07-23T19:08:26Z","2026-07-27T10:00:00Z","2026-07-27T11:00:00Z","32.688467"
"2026-07-23T19:08:26Z","2026-07-27T11:00:00Z","2026-07-27T12:00:00Z","27.187097"
"2026-07-23T19:08:26Z","2026-07-27T12:00:00Z","2026-07-27T13:00:00Z","23.035425"
"2026-07-23T19:08:26Z","2026-07-27T13:00:00Z","2026-07-27T14:00:00Z","21.827932"
"2026-07-23T19:08:26Z","2026-07-27T14:00:00Z","2026-07-27T15:00:00Z","21.814842"
"2026-07-23T19:08:26Z","2026-07-27T15:00:00Z","2026-07-27T16:00:00Z","22.146852"
"2026-07-23T19:08:26Z","2026-07-27T16:00:00Z","2026-07-27T17:00:00Z","22.341417"
"2026-07-23T19:08:26Z","2026-07-27T17:00:00Z","2026-07-27T18:00:00Z","28.432432"
"2026-07-23T19:08:26Z","2026-07-27T18:00:00Z","2026-07-27T19:00:00Z","34.827135"
"2026-07-23T19:08:26Z","2026-07-27T19:00:00Z","2026-07-27T20:00:00Z","39.083527"
"2026-07-23T19:08:26Z","2026-07-27T20:00:00Z","2026-07-27T21:00:00Z","41.882407"
"2026-07-23T19:08:26Z","2026-07-27T21:00:00Z","2026-07-27T22:00:00Z","42.926632"
"2026-07-24T08:20:15Z","2026-07-24T22:00:00Z","2026-07-24T23:00:00Z","43.885772"
"2026-07-24T08:20:15Z","2026-07-24T23:00:00Z","2026-07-25T00:00:00Z","42.260827"
"2026-07-24T08:20:15Z","2026-07-25T00:00:00Z","2026-07-25T01:00:00Z","39.962342"
"2026-07-24T08:20:15Z","2026-07-25T01:00:00Z","2026-07-25T02:00:00Z","38.992135"
"2026-07-24T08:20:15Z","2026-07-25T02:00:00Z","2026-07-25T03:00:00Z","38.39297"
"2026-07-24T08:20:15Z","2026-07-25T03:00:00Z","2026-07-25T04:00:00Z","37.889957"
"2026-07-24T08:20:15Z","2026-07-25T04:00:00Z","2026-07-25T05:00:00Z","37.729307"
"2026-07-24T08:20:15Z","2026-07-25T05:00:00Z","2026-07-25T06:00:00Z","37.477265"
"2026-07-24T08:20:15Z","2026-07-25T06:00:00Z","2026-07-25T07:00:00Z","37.110507"
"2026-07-24T08:20:15Z","2026-07-25T07:00:00Z","2026-07-25T08:00:00Z","35.93324"
"2026-07-24T08:20:15Z","2026-07-25T08:00:00Z","2026-07-25T09:00:00Z","34.03043"
"2026-07-24T08:20:15Z","2026-07-25T09:00:00Z","2026-07-25T10:00:00Z","30.382842"
"2026-07-24T08:20:15Z","2026-07-25T10:00:00Z","2026-07-25T11:00:00Z","24.156405"
"2026-07-24T08:20:15Z","2026-07-25T11:00:00Z","2026-07-25T12:00:00Z","21.650027"
"2026-07-24T08:20:15Z","2026-07-25T12:00:00Z","2026-07-25T13:00:00Z","20.359353"
"2026-07-24T08:20:15Z","2026-07-25T13:00:00Z","2026-07-25T14:00:00Z","19.077723"
"2026-07-24T08:20:15Z","2026-07-25T14:00:00Z","2026-07-25T15:00:00Z","18.873995"
"2026-07-24T08:20:15Z","2026-07-25T15:00:00Z","2026-07-25T16:00:00Z","19.63857"
"2026-07-24T08:20:15Z","2026-07-25T16:00:00Z","2026-07-25T17:00:00Z","20.419567"
"2026-07-24T08:20:15Z","2026-07-25T17:00:00Z","2026-07-25T18:00:00Z","22.986397"
"2026-07-24T08:20:15Z","2026-07-25T18:00:00Z","2026-07-25T19:00:00Z","30.245635"
"2026-07-24T08:20:15Z","2026-07-25T19:00:00Z","2026-07-25T20:00:00Z","35.39893"
"2026-07-24T08:20:15Z","2026-07-25T20:00:00Z","2026-07-25T21:00:00Z","38.075597"
"2026-07-24T08:20:15Z","2026-07-25T21:00:00Z","2026-07-25T22:00:00Z","39.407445"
"2026-07-24T08:20:15Z","2026-07-25T22:00:00Z","2026-07-25T23:00:00Z","39.54727"
"2026-07-24T08:20:15Z","2026-07-25T23:00:00Z","2026-07-26T00:00:00Z","38.736047"
"2026-07-24T08:20:15Z","2026-07-26T00:00:00Z","2026-07-26T01:00:00Z","37.910187"
"2026-07-24T08:20:15Z","2026-07-26T01:00:00Z","2026-07-26T02:00:00Z","36.688057"
"2026-07-24T08:20:15Z","2026-07-26T02:00:00Z","2026-07-26T03:00:00Z","35.7833"
"2026-07-24T08:20:15Z","2026-07-26T03:00:00Z","2026-07-26T04:00:00Z","35.586712"
"2026-07-24T08:20:15Z","2026-07-26T04:00:00Z","2026-07-26T05:00:00Z","35.457597"
"2026-07-24T08:20:15Z","2026-07-26T05:00:00Z","2026-07-26T06:00:00Z","35.196035"
"2026-07-24T08:20:15Z","2026-07-26T06:00:00Z","2026-07-26T07:00:00Z","35.228165"
"2026-07-24T08:20:15Z","2026-07-26T07:00:00Z","2026-07-26T08:00:00Z","35.164262"
"2026-07-24T08:20:15Z","2026-07-26T08:00:00Z","2026-07-26T09:00:00Z","33.54253"
"2026-07-24T08:20:15Z","2026-07-26T09:00:00Z","2026-07-26T10:00:00Z","30.89954"
"2026-07-24T08:20:15Z","2026-07-26T10:00:00Z","2026-07-26T11:00:00Z","26.03244"
"2026-07-24T08:20:15Z","2026-07-26T11:00:00Z","2026-07-26T12:00:00Z","22.519917"
"2026-07-24T08:20:15Z","2026-07-26T12:00:00Z","2026-07-26T13:00:00Z","21.320635"
"2026-07-24T08:20:15Z","2026-07-26T13:00:00Z","2026-07-26T14:00:00Z","20.815242"
"2026-07-24T08:20:15Z","2026-07-26T14:00:00Z","2026-07-26T15:00:00Z","20.718257"
"2026-07-24T08:20:15Z","2026-07-26T15:00:00Z","2026-07-26T16:00:00Z","20.962207"
"2026-07-24T08:20:15Z","2026-07-26T16:00:00Z","2026-07-26T17:00:00Z","21.744037"
"2026-07-24T08:20:15Z","2026-07-26T17:00:00Z","2026-07-26T18:00:00Z","27.639297"
"2026-07-24T08:20:15Z","2026-07-26T18:00:00Z","2026-07-26T19:00:00Z","33.172202"
"2026-07-24T08:20:15Z","2026-07-26T19:00:00Z","2026-07-26T20:00:00Z","37.363025"
"2026-07-24T08:20:15Z","2026-07-26T20:00:00Z","2026-07-26T21:00:00Z","39.049255"
"2026-07-24T08:20:15Z","2026-07-26T21:00:00Z","2026-07-26T22:00:00Z","39.39138"
"2026-07-24T08:20:15Z","2026-07-26T22:00:00Z","2026-07-26T23:00:00Z","39.243582"
"2026-07-24T08:20:15Z","2026-07-26T23:00:00Z","2026-07-27T00:00:00Z","38.597412"
"2026-07-24T08:20:15Z","2026-07-27T00:00:00Z","2026-07-27T01:00:00Z","38.211495"
"2026-07-24T08:20:15Z","2026-07-27T01:00:00Z","2026-07-27T02:00:00Z","37.600787"
"2026-07-24T08:20:15Z","2026-07-27T02:00:00Z","2026-07-27T03:00:00Z","36.815982"
"2026-07-24T08:20:15Z","2026-07-27T03:00:00Z","2026-07-27T04:00:00Z","35.93681"
"2026-07-24T08:20:15Z","2026-07-27T04:00:00Z","2026-07-27T05:00:00Z","35.984767"
"2026-07-24T08:20:15Z","2026-07-27T05:00:00Z","2026-07-27T06:00:00Z","37.203327"
"2026-07-24T08:20:15Z","2026-07-27T06:00:00Z","2026-07-27T07:00:00Z","38.674167"
"2026-07-24T08:20:15Z","2026-07-27T07:00:00Z","2026-07-27T08:00:00Z","39.252507"
"2026-07-24T08:20:15Z","2026-07-27T08:00:00Z","2026-07-27T09:00:00Z","38.506972"
"2026-07-24T08:20:15Z","2026-07-27T09:00:00Z","2026-07-27T10:00:00Z","35.743792"
"2026-07-24T08:20:15Z","2026-07-27T10:00:00Z","2026-07-27T11:00:00Z","32.688467"
"2026-07-24T08:20:15Z","2026-07-27T11:00:00Z","2026-07-27T12:00:00Z","27.187097"
"2026-07-24T08:20:15Z","2026-07-27T12:00:00Z","2026-07-27T13:00:00Z","23.035425"
"2026-07-24T08:20:15Z","2026-07-27T13:00:00Z","2026-07-27T14:00:00Z","21.827932"
"2026-07-24T08:20:15Z","2026-07-27T14:00:00Z","2026-07-27T15:00:00Z","21.814842"
"2026-07-24T08:20:15Z","2026-07-27T15:00:00Z","2026-07-27T16:00:00Z","22.146852"
"2026-07-24T08:20:15Z","2026-07-27T16:00:00Z","2026-07-27T17:00:00Z","22.341417"
"2026-07-24T08:20:15Z","2026-07-27T17:00:00Z","2026-07-27T18:00:00Z","28.432432"
"2026-07-24T08:20:15Z","2026-07-27T18:00:00Z","2026-07-27T19:00:00Z","34.827135"
"2026-07-24T08:20:15Z","2026-07-27T19:00:00Z","2026-07-27T20:00:00Z","39.083527"
"2026-07-24T08:20:15Z","2026-07-27T20:00:00Z","2026-07-27T21:00:00Z","41.882407"
"2026-07-24T08:20:15Z","2026-07-27T21:00:00Z","2026-07-27T22:00:00Z","42.926632"
"2026-07-24T08:20:15Z","2026-07-27T22:00:00Z","2026-07-27T23:00:00Z","41.504582"
"2026-07-24T08:20:15Z","2026-07-27T23:00:00Z","2026-07-28T00:00:00Z","39.717202"
"2026-07-24T08:20:15Z","2026-07-28T00:00:00Z","2026-07-28T01:00:00Z","38.855047"
"2026-07-24T08:20:15Z","2026-07-28T01:00:00Z","2026-07-28T02:00:00Z","38.23351"
"2026-07-24T08:20:15Z","2026-07-28T02:00:00Z","2026-07-28T03:00:00Z","37.785237"
"2026-07-24T08:20:15Z","2026-07-28T03:00:00Z","2026-07-28T04:00:00Z","37.121812"
"2026-07-24T08:20:15Z","2026-07-28T04:00:00Z","2026-07-28T05:00:00Z","37.29341"
"2026-07-24T08:20:15Z","2026-07-28T05:00:00Z","2026-07-28T06:00:00Z","38.251717"
"2026-07-24T08:20:15Z","2026-07-28T06:00:00Z","2026-07-28T07:00:00Z","39.115657"
"2026-07-24T08:20:15Z","2026-07-28T07:00:00Z","2026-07-28T08:00:00Z","39.404232"
"2026-07-24T08:20:15Z","2026-07-28T08:00:00Z","2026-07-28T09:00:00Z","38.52149"
"2026-07-24T08:20:15Z","2026-07-28T09:00:00Z","2026-07-28T10:00:00Z","35.8428"
"2026-07-24T08:20:15Z","2026-07-28T10:00:00Z","2026-07-28T11:00:00Z","32.128572"
"2026-07-24T08:20:15Z","2026-07-28T11:00:00Z","2026-07-28T12:00:00Z","26.32399"
"2026-07-24T08:20:15Z","2026-07-28T12:00:00Z","2026-07-28T13:00:00Z","23.609005"
"2026-07-24T08:20:15Z","2026-07-28T13:00:00Z","2026-07-28T14:00:00Z","22.447327"
"2026-07-24T08:20:15Z","2026-07-28T14:00:00Z","2026-07-28T15:00:00Z","22.380925"
"2026-07-24T08:20:15Z","2026-07-28T15:00:00Z","2026-07-28T16:00:00Z","22.384495"
"2026-07-24T08:20:15Z","2026-07-28T16:00:00Z","2026-07-28T17:00:00Z","26.869962"
"2026-07-24T08:20:15Z","2026-07-28T17:00:00Z","2026-07-28T18:00:00Z","32.199972"
"2026-07-24T08:20:15Z","2026-07-28T18:00:00Z","2026-07-28T19:00:00Z","37.143232"
"2026-07-24T08:20:15Z","2026-07-28T19:00:00Z","2026-07-28T20:00:00Z","41.301092"
"2026-07-24T08:20:15Z","2026-07-28T20:00:00Z","2026-07-28T21:00:00Z","46.801867"
"2026-07-24T08:20:15Z","2026-07-28T21:00:00Z","2026-07-28T22:00:00Z","49.064295"
